"bgrp[1]","bgrp[2]","bgrp[3]"
0.4054207,-0.16633542,-0.24129302
0.61434206,-0.074619003,-0.16898268
0.6214951,-0.11053747,-0.17047982
0.11110943,-0.22808836,0.076623732
0.30776245,-0.20879099,-0.24482404
-0.083277821,-0.18240386,-0.055167132
0.51325036,-0.20342968,-0.10871387
0.13546495,-0.17261438,-0.13233038
0.50104882,-0.083105874,-0.14517092
0.45272885,-0.16547438,-0.016278404
0.71681496,-0.075069317,-0.11512737
0.26420008,-0.083511741,-0.20683863
0.90682192,-0.20463056,0.013286664
0.44282461,0.0014689026,-0.36702891
0.58729153,-0.053264517,0.011695621
0.4218436,-0.34948016,-0.0050944166
0.61925187,-0.096815395,-0.003222944
0.5038153,-0.14932269,-0.09966073
0.43784639,-0.13450579,-0.011140698
0.58284583,-0.11425573,-0.16270081
0.30307535,-0.18423049,-0.2335554
0.47690101,-0.094872395,0.053016176
0.60240765,-0.19077731,-0.097394199
0.64700608,-0.12359433,-0.16483587
0.3223166,-0.22602677,-0.12608542
0.22172681,-0.29227182,-0.050757481
0.38015624,-0.11504743,-0.094584149
0.061937448,-0.17017328,-0.19216004
0.64622579,-0.022051504,-0.058933075
0.38667574,-0.27911222,-0.025187368
0.37926064,-0.108852,-0.02769124
0.28177128,-0.19513309,-0.014174907
0.47296652,0.030549829,-0.15195109
0.23406403,-0.15822296,-0.097505266
0.54407068,-0.13252812,-0.092798728
0.43173644,-0.1142493,-0.26859096
0.27253467,-0.10730982,0.04310649
-0.1452164,-0.26929745,0.067275562
0.41071655,0.010771147,-0.020051762
0.26307572,-0.14358832,-0.011292848
0.22102936,-0.11966538,-0.18083311
0.40470226,-0.18939121,0.083643539
0.27743356,-0.2414,-0.09844225
0.57190114,-0.006535842,-0.36640407
0.59855832,-0.1234033,-0.092948019
0.3699314,-0.121703,-0.028671063
0.43156662,-0.15260242,-0.13578583
0.4019968,-0.19733118,0.037900225
0.48752685,-0.23537552,-0.20338275
0.52464058,-0.087459052,0.076612669
0.25465582,-0.23259673,-0.19821573
0.3454694,-0.26196827,-0.22598777
0.30011784,-0.17060015,-0.15727129
0.52219604,-0.042922297,-0.30894751
0.38072855,-0.20918468,-0.18500408
0.65770095,-0.11100141,-0.15245404
0.56670042,-0.12382617,-0.22105143
0.41954423,-0.23672671,-0.024812535
0.6558988,-0.11054725,-0.094696937
0.26461216,-0.10371981,-0.068706804
0.27725963,-0.16389981,0.095067878
0.65860403,-0.091203381,-0.36585476
0.55654642,-0.13014267,-0.060564957
0.67174352,-0.082322949,-0.33932132
0.51413353,-0.17322077,-0.18099827
0.48390924,-0.076519013,-0.24141982
0.072777319,-0.18722704,-0.058931731
0.12190686,-0.17373902,0.0044962274
0.25780845,-0.16469086,0.17690855
0.21732004,-0.13461175,-0.089447241
0.18391645,-0.16415999,-0.12131266
0.90044094,-0.055564305,-0.081139386
0.49742856,-0.14495137,-0.18731725
0.25862993,-0.046630934,-0.10807577
0.16660206,-0.18301471,-0.097681692
0.42419534,-0.17496421,-0.17447045
0.38856443,-0.10579168,-0.22124598
0.48382966,-0.1729229,-0.12366194
0.39933859,-0.04387899,-0.12422581
0.44944584,-0.14220141,-0.070139586
0.28107141,-0.18904827,-0.24891776
0.56314174,-0.071641047,0.087873896
0.70231409,-0.091072992,0.14074756
0.72757101,-0.17007134,-0.037338045
0.5575879,-0.18364833,-0.067473538
0.66532379,-0.037772583,-0.19039756
0.5156214,-0.15128631,0.048188151
0.63722618,-0.15040573,-0.20975619
-0.00090225439,-0.21077437,-0.32573111
0.27408444,-0.10878193,0.099007838
0.31187645,-0.15754751,-0.17647641
0.36754057,-0.17857927,-0.056406754
0.53542596,-0.15653028,-0.37373778
0.50803978,-0.097668227,0.060435959
0.61949092,-0.023853813,-0.21734791
0.42159283,-0.18875866,-0.19612959
0.47761106,-0.13009266,0.045843271
0.19273081,-0.18988571,-0.20286106
0.16592235,-0.24916983,-0.20650146
0.3549132,-0.1388149,-0.030724856
0.27308684,-0.21627031,-0.11163204
0.11127303,-0.24778706,-0.44753128
0.25121504,-0.14700026,-0.22956848
0.44926403,-0.087700384,0.031161705
0.23306407,-0.19119149,-0.12924337
0.7153165,-0.1259072,-0.21712092
0.25023732,-0.13114613,0.0017649988
0.0031580153,-0.25266203,-0.028719886
0.64470506,-0.16430911,-0.21952268
0.21656446,-0.19508154,-0.0645791
0.089647961,-0.13837408,-0.083003817
0.34997003,-0.16734801,-0.056139981
0.21488487,-0.2477442,-0.090112298
0.45544157,-0.17589161,-0.1153648
0.57893428,-0.13547644,-0.1696881
0.25634678,-0.15073197,-0.077054215
0.3955868,-0.096659038,-0.36148441
0.20313288,-0.18723078,-0.23953403
0.30690518,-0.26230534,-0.094109052
0.25010295,-0.19085661,-0.22127236
0.43585977,-0.1811579,-0.12592492
0.4622064,-0.086643677,0.0028441214
0.31371009,-0.11446894,-0.203394
0.30422227,-0.16116323,-0.40352539
0.058922603,-0.21892308,-0.071907418
-0.053640011,-0.27226882,-0.065398585
0.60001891,-0.058474752,-0.092404292
0.35498432,-0.14730865,-0.21000598
0.17165441,-0.17268519,-0.07868908
0.44647863,-0.10064819,-0.14292424
0.30216997,-0.1561778,-0.16558156
0.022451673,-0.17872023,-0.090321446
0.41017784,-0.14873911,-0.22873392
0.32871508,-0.22729306,-0.019873222
0.20037493,-0.1635498,-0.058884537
0.45113584,-0.22291026,0.065203385
0.20155608,-0.26851516,0.059525688
0.45092506,-0.094609578,-0.29018123
0.21623939,-0.076766838,-0.29648019
0.067155741,-0.25466651,0.1123236
0.63297819,-0.062450783,0.01129832
0.19975635,-0.10767379,-0.26455556
0.32546049,-0.094211606,-0.067611704
0.25311885,-0.15718307,-0.14230947
0.59252192,-0.07248743,-0.24938705
0.1783028,-0.13030887,-0.10015019
0.017121497,-0.25208589,-0.21047824
0.77622672,-0.037513935,0.072081395
0.59516418,-0.091475811,-0.52557344
0.3848336,-0.10218004,0.075964328
0.63185737,-0.14620144,-0.13999682
0.3571286,-0.12744038,-0.18989167
0.10848243,-0.2330326,-0.17958337
0.40709314,-0.23694115,-0.20196139
0.30316498,-0.20969884,-0.23366823
0.24552409,-0.14427765,-0.072232157
0.13150722,-0.30189664,-0.014353323
0.14716921,-0.21034648,-0.014396108
0.14530399,-0.20726303,-0.069065792
0.17065617,-0.18094005,0.030104101
0.35369337,-0.11622024,-0.19624625
0.28441808,-0.16119453,-0.10587589
0.3795571,-0.13789938,-0.19127982
0.25811099,-0.10140049,-0.17056873
0.65299077,-0.039319111,-0.14363219
0.72112712,-0.10592936,0.038661045
0.79786343,-0.18029883,-0.1033104
0.062287987,-0.16646702,-0.050024995
0.44823895,-0.10627778,-0.17553815
0.24382017,-0.14029731,-0.15624395
0.90102904,-0.011275643,-0.15709622
0.40296601,-0.18701232,-0.24885711
0.39069336,-0.16270429,-0.30091499
0.11115081,-0.12182235,-0.22756432
0.1967401,-0.15475126,-0.17851859
0.62713378,-0.12485005,-0.11163338
0.30382974,-0.15736322,-0.11702097
0.28792286,-0.10632832,-0.12256717
0.37552795,-0.14410196,-0.045460265
0.37925908,-0.10590028,-0.12971452
0.42287559,-0.20901375,-0.18449056
0.81469325,-0.064399364,0.068273034
0.14398434,-0.14084608,-0.12325795
0.60258871,-0.13245972,-0.087228956
0.37181272,-0.1197601,-0.11816119
0.60450923,-0.20136946,-0.35442568
0.42372287,-0.12562708,-0.069156107
0.41224789,-0.17057353,-0.073558448
0.70957034,-0.10739056,-0.09461027
0.28019997,-0.14842505,-0.079877457
0.53472998,-0.11107108,0.11686571
0.19348283,-0.24421096,-0.27893111
0.27458001,-0.24175268,-0.236377
0.44830409,-0.10948424,-0.070355468
0.49965413,-0.12720384,-0.11716802
0.61480434,-0.048542181,-0.0786467
0.70870964,-0.04516957,-0.11782553
0.68188668,-0.040610454,-0.073247685
0.50596417,-0.22681186,-0.41184796
0.49938047,-0.037488924,0.17012966
0.52044132,-0.17700456,-0.015933766
0.33611215,-0.28840262,-0.10254075
0.4593132,-0.1316248,-0.057532016
0.52362178,-0.086840838,-0.12601854
0.33036224,-0.2592428,0.010576321
0.20430748,-0.17516778,0.0595334
0.26920856,-0.16896404,-0.043966663
0.34998602,-0.12975188,-0.098340443
0.38997346,-0.16766557,0.002337089
0.2439971,-0.12012811,-0.23400861
0.20896138,-0.20315695,-0.024932313
0.19505641,-0.27140746,0.026807996
0.5489953,-0.080245748,-0.1381912
0.36314493,-0.277585,-0.14824812
0.60426258,-0.10106369,-0.034803536
0.18581844,-0.19371964,-0.02054804
0.3967824,-0.12046864,-0.067614703
0.39961496,-0.12024078,-0.017846341
0.45596102,-0.20087997,-0.16527085
0.53537917,-0.11378694,-0.20957366
0.25549566,-0.21033492,-0.031105882
0.40147471,-0.091218243,-0.26375921
-0.016619708,-0.23060992,-0.062883034
0.18227517,-0.19495146,-0.11156126
0.30933363,-0.24585258,-0.073075547
0.32267063,-0.094482554,-0.20287685
0.41061948,-0.1150879,-0.131486
0.47197572,-0.1571103,-0.080596809
0.54715359,-0.22383225,-0.1984668
0.89594654,-0.070853431,-0.13557013
0.8766133,-0.056994737,-0.01488352
0.19892245,-0.19171955,-0.24816757
0.49685166,-0.049366269,-0.19321584
0.49158437,-0.19677652,-0.050783754
0.61236005,-0.03177145,-0.24627148
0.55801135,-0.19081729,0.017594435
0.43167156,-0.11445722,-0.065167569
0.38566401,-0.13572894,-0.23400812
0.58735558,-0.080128957,-0.1439095
0.32663743,-0.29615926,0.05522758
0.3118073,-0.10229923,-0.12876442
0.48675829,-0.29499519,-0.047920131
0.38807422,-0.075772101,-0.10422948
0.20403481,-0.22499345,-0.26241969
0.62654532,-0.016507856,0.010669853
0.30496614,-0.2205506,-0.10013734
0.14371384,-0.12268904,0.02888904
0.21923511,-0.12870524,0.094741375
0.55338228,-0.1103922,-0.12266137
0.19805649,-0.16650119,0.0090748781
0.6268306,-0.10103297,-0.22665871
0.51221393,-0.070451269,-0.18554053
0.56948333,-0.077841904,-0.16869922
0.43260812,-0.11856068,-0.11966116
0.27770763,-0.21645733,-0.10441073
0.67069686,-0.1655004,-0.18125404
0.12216126,-0.19123268,-0.14091681
0.27812166,-0.20854691,-0.035250203
0.32828571,-0.14420396,-0.066295634
0.27711167,-0.16335576,0.011896756
0.31216221,-0.11078468,-0.41281768
0.61634642,-0.12389499,-0.1190544
0.1977709,-0.18768945,-0.12601405
0.27733761,-0.15629793,0.023580515
0.58379929,-0.18041015,-0.14030545
0.47933861,-0.08825306,-0.2618372
0.23136116,-0.17017913,-0.16495629
0.48655983,-0.070848725,-0.12914831
0.40213265,-0.10312991,-0.28451163
0.34616228,-0.10997961,0.019622993
0.5232484,-0.19639274,-0.31288465
0.29940355,-0.19044467,0.063341022
0.55785126,-0.036802833,-0.32667405
0.29902909,-0.1739813,-0.39436626
0.3002447,-0.06428909,-0.081721311
0.27895734,-0.15707456,-0.33642337
0.55212212,-0.10244083,-0.23881538
0.11407597,-0.25547294,0.032280769
0.47787525,-0.081553137,-0.24501178
0.40208864,-0.11252256,0.077665616
0.050408035,-0.21980447,-0.26201104
0.43019549,-0.14014773,-0.26771443
0.41615738,-0.16098391,0.01735461
0.51213554,-0.22781725,-0.17139724
0.64033376,-0.065636572,-0.27311253
0.20565422,-0.11992645,0.051618754
0.58803788,-0.21184765,-0.25381332
0.54508202,-0.073046932,-0.395062
0.68312988,-0.01627744,-0.22087141
0.00098466418,-0.21290667,0.056022187
0.62064912,-0.088396738,-0.16884388
0.31491694,-0.11223935,-0.066032223
0.44754146,-0.14355177,-0.067566962
0.51745565,-0.13332323,-0.19066558
0.35360755,-0.17808979,-0.070283257
0.40503661,-0.04711348,-0.2747613
0.3992347,-0.15859372,-0.13302017
0.48492718,-0.12597841,-0.30154845
0.27024916,-0.12304968,-0.097221802
0.39931903,-0.097124055,-0.11377527
0.4088205,-0.10472068,-0.11361294
0.57033111,-0.1091554,-0.23927544
0.71929018,0.051830897,-0.27569462
0.26597851,-0.21446283,-0.015456233
0.38912815,-0.14808886,-0.019952291
0.75085041,-0.15555147,-0.30443077
0.6468012,-0.067989147,-0.32929942
0.51970146,-0.099778083,0.095424116
0.044802484,-0.13616165,-0.33050611
0.23648414,-0.18858999,-0.18365839
0.2409836,-0.090680543,0.072537558
0.27724257,-0.21084674,-0.08555047
0.46618992,-0.078896848,0.034034565
0.63025375,-0.17845533,-0.17651444
0.40240552,-0.18359211,-0.19177681
0.087860491,-0.17670927,-0.27517079
0.24723762,-0.13202644,-0.09200294
0.43521673,-0.16449125,-0.10542695
0.44879467,-0.085465253,-0.22299236
0.51359452,-0.094651837,-0.30018871
0.52135397,-0.075948301,-0.25186955
0.12941816,-0.16211965,0.11053423
0.6182006,-0.1345663,-0.19606601
0.403496,-0.1537523,-0.28142973
0.41200995,-0.045859466,-0.12363304
0.40392099,-0.16656755,0.070299002
0.31929716,-0.15162262,0.06781776
0.47381385,-0.098304249,-0.05035948
0.40180406,-0.13014643,-0.019848331
0.29726153,-0.18308125,-0.029905294
0.63439144,-0.10416622,-0.13187645
0.30380884,-0.18147831,-0.081574031
0.376005,-0.045989132,-0.27075655
0.48982898,-0.17361524,-0.089505478
0.18093675,-0.16705939,-0.14165225
0.14582398,-0.16034886,-0.18413951
0.43986903,-0.17213678,0.00030630164
0.55572584,-0.1801988,0.11972448
0.2943597,-0.15433459,-0.25735986
0.60555498,-0.053661424,0.0092857353
0.37657868,-0.10450501,-0.21865704
0.36017545,-0.13734695,0.090719333
0.56963528,0.0072271375,-0.24421662
0.42343595,-0.15241935,-0.15678593
0.79443297,-0.16467508,-0.26701976
0.36469906,-0.10805742,-0.20885197
0.39826447,-0.052578527,-0.18630654
-0.071066047,-0.30680383,0.14064528
0.4560848,-0.11389609,-0.29304404
0.46972146,-0.17255999,-0.36839164
0.76433761,-0.070321941,0.13075499
0.58375424,-0.15437775,-0.46289951
0.2175803,-0.24828981,0.18822384
-0.11207498,-0.22211108,-0.18824009
0.17664436,-0.15001585,-0.093016633
0.48418591,-0.17882105,-0.16817105
0.46964408,-0.14971329,-0.084414079
0.38038001,-0.18048313,0.11168463
0.38083394,-0.15672822,-0.26464216
0.23364595,-0.23210751,-0.06219548
0.43903291,-0.12717471,-0.32969381
0.31487186,-0.1441326,-0.03763334
0.4281052,-0.19094469,0.045481381
0.72257588,-0.067928734,-0.23758311
0.24874027,-0.14776268,0.13369523
0.39231876,-0.19323037,-0.20871583
0.50583185,-0.075723525,0.062578025
0.45389908,-0.23903187,-0.38151477
0.30766828,-0.13167974,0.073829943
0.22609207,-0.14811801,0.083995309
0.66467835,-0.074169613,-0.46886138
0.42504449,-0.16389162,0.14777256
0.40303026,-0.12909462,-0.33253325
0.54463566,-0.12377243,-0.10294244
0.3692801,-0.10085412,-0.19723147
0.44146292,-0.14301706,-0.33319367
0.31642182,-0.15621909,-0.12959404
0.40057452,-0.22846709,-0.11559885
0.24884676,-0.069486713,0.0084835852
0.097167385,-0.19969747,0.030330941
0.31903009,-0.11568627,-0.38590927
0.6691169,-0.16550965,0.052155497
0.46393759,-0.10783788,-0.18277224
0.22803452,-0.25446897,0.10082237
0.18451444,-0.080414218,-0.11282098
0.34330843,-0.09313194,-0.025022285
0.23327395,-0.26453774,-0.080695101
0.73843095,-0.094218944,-0.051210689
0.4823318,-0.14980363,-0.1407045
0.38799905,-0.18311841,-0.18911406
0.25528705,-0.24019777,-0.017881625
0.79227353,-0.064367861,-0.15467054
0.66620513,-0.14830185,-0.23360107
0.36253862,-0.13980665,-0.19001931
0.32492885,-0.22530739,0.08156219
0.071196861,-0.17302369,0.016880806
0.088037697,-0.23415668,0.13849912
-0.029565897,-0.24084135,0.048135523
0.55817508,-0.077356739,-0.42645616
0.37795533,-0.088534216,-0.37290294
0.45042259,-0.23062819,0.11475133
0.61421303,-0.19697582,-0.35815198
0.19989191,-0.20191506,0.1655321
0.24828788,-0.19752083,-0.25384976
0.43401533,-0.23162829,0.089745872
0.25060536,-0.20841584,-0.16744278
0.21163968,-0.18308962,-0.18997636
0.45798789,-0.27818126,-0.089868003
0.36558937,-0.19724761,-0.07099805
0.49132597,-0.15738823,-0.024021491
0.20948146,-0.21257492,0.038746457
0.20610616,-0.20712941,0.056572852
0.60780728,-0.076551765,-0.2035927
0.6471888,-0.041319016,-0.0013868815
0.9836284,0.020435935,-0.2545029
0.74082107,-0.14803554,-0.10698316
0.57635251,-0.13264556,-0.28849371
0.62639373,-0.12066602,-0.081283638
0.50731848,-0.10753289,-0.13938121
0.36076557,-0.20394556,-0.22147679
0.66607505,-0.10986015,-0.10054678
0.15639243,-0.16422298,-0.29124652
0.64647667,-0.13606517,0.080689356
0.28811514,-0.25105724,-0.2838495
0.57388418,-0.033465837,-0.25557724
0.24724578,-0.09309761,-0.17339561
0.45911561,-0.33479125,-0.1815126
0.45497197,-0.14581231,-0.098441489
0.018699738,-0.29822842,-0.0393862
0.70055784,-0.10601048,-0.10214259
0.60933838,-0.115881,-0.12734975
0.6171255,-0.043427147,-0.27326722
0.43269107,-0.1088003,-0.077555121
0.73286192,-0.0024432037,-0.23632859
0.33104677,-0.15867603,-0.033224604
0.57837703,-0.033205607,-0.16506441
0.70508195,-0.23292764,-0.28404053
0.55725727,-0.1370702,-0.088595463
0.12580333,-0.23117707,-0.13581956
0.32367364,-0.14566149,-0.13436024
0.39781253,-0.1932549,-0.050006417
0.69683319,-0.059062157,-0.23773346
0.17744323,-0.19648967,-0.1356781
0.34646192,-0.25383377,-0.040596838
0.29772048,-0.18930495,-0.21016501
0.37831937,-0.20810643,-0.072496809
0.36091186,-0.14059932,-0.23929909
0.33581097,-0.23014793,-0.11902188
0.43258526,-0.23388951,-0.091288928
0.25925423,-0.084575463,-0.13992019
0.60188148,-0.048642046,-0.41304754
0.38249929,-0.23594528,-0.23560155
0.320361,-0.20746782,-0.10141647
0.33761531,-0.14815221,-0.13090848
0.3411141,-0.21386158,-0.057222544
0.82619249,-0.10548017,-0.17387657
0.68697155,-0.022799611,-0.28756534
0.75548432,-0.032748374,-0.35077378
0.3555929,-0.14480791,-0.042744952
0.5605666,-0.096345621,-0.26672144
0.7586276,-0.10152758,-0.27703796
0.4222927,-0.10664775,-0.18645623
0.3828451,-0.11969314,-0.13033073
0.54763108,-0.083640798,-0.32514275
0.62111482,-0.10221647,-0.25371207
0.65534646,0.016664976,-0.07143379
0.138573,-0.25201794,-0.020022496
0.29966991,-0.15277331,0.030381377
0.43198283,-0.22226259,-0.07526118
0.40177622,-0.1357661,0.0029437867
0.3377704,-0.25449145,-0.11979822
0.106372,-0.14027445,-0.38745441
0.18523401,-0.13592571,-0.41403256
0.45136363,-0.15355062,-0.15128453
0.54676489,-0.14064144,-0.086750631
0.21054436,-0.071758916,-0.40557148
0.3165529,-0.09483891,-0.22249083
0.51762275,-0.27023286,0.02059386
0.43016291,-0.18672672,-0.15630148
0.46053487,-0.1366359,-0.025372107
0.36927146,-0.15719048,0.09875214
0.19816692,-0.12880469,-0.17630391
0.3187018,-0.13638512,-0.073342646
-0.0059664249,-0.24502282,-0.13391968
0.65992305,-0.014702074,-0.1781785
0.28426529,-0.31117783,-0.090352945
0.4952819,-0.057855019,-0.078582685
0.32260445,-0.30641529,-0.037241215
0.49566024,-0.18853216,0.099771318
0.45881662,-0.17362748,0.056794759
0.39176979,-0.098185054,-0.20571226
0.61309629,-0.11186395,-0.10016146
0.67551941,-0.039885877,-0.21394813
0.14668311,-0.18889397,0.012671342
0.03548053,-0.27280285,-0.15820521
0.37369848,-0.21189214,-0.03549067
0.56399062,-0.10568025,0.032267747
0.71575382,-0.057505802,-0.21393355
0.35776351,-0.18666532,-0.038614237
0.81916267,-0.10194131,-0.19381221
0.33138292,-0.12561241,-0.089289002
0.62722168,-0.13638958,-0.23073945
0.61093786,-0.135283,-0.23951516
0.43924926,0.027228385,-0.20357691
0.76448446,-0.048749161,-0.06958809
0.56363231,-0.15456989,-0.20172699
0.27172395,-0.11210382,-0.01373232
0.30603478,-0.099759393,-0.035338514
0.49180915,-0.063868814,-0.20050113
0.53012545,-0.23272973,-0.16184251
0.42765126,-0.17749463,-0.39319096
0.69362568,-0.055715157,-0.095618998
0.51875443,-0.12253322,-0.086840017
0.25690844,-0.12798807,-0.047406318
0.20878513,-0.21228441,-0.013341887
0.35933804,-0.093535355,-0.18713618
0.39759305,-0.13828624,-0.10340142
0.41764204,-0.14215315,-0.11015285
0.47845953,-0.088784829,-0.13476652
0.47853968,-0.166951,-0.10005715
0.57680612,-0.073741753,-0.18019482
0.66510497,-0.18578191,-0.26252448
0.62526056,-0.078701482,-0.20397165
0.65492921,-0.13999042,0.015068931
0.30427864,-0.055400191,-0.30160734
0.36740553,-0.099776155,-0.32801241
0.66853715,-0.13969854,0.11076171
0.35292074,-0.12911316,-0.33330525
0.57509207,-0.23185816,0.10697629
0.53166809,-0.070315392,-0.34623447
0.2139868,-0.34253576,0.10245955
0.24078505,-0.17462311,0.14233862
0.36714085,-0.14206676,-0.36427775
0.16699126,-0.26782711,0.081783639
-0.005206841,-0.22235418,-0.1560784
0.84967998,-0.093779237,-0.13991168
0.36260351,-0.10193865,-0.23485729
0.33135804,-0.16032144,-0.23698601
0.30758253,-0.18783285,-0.016593789
0.22579992,-0.16353086,-0.16386149
0.47845126,-0.17419581,-0.083412488
0.47376813,-0.11738533,-0.17039671
0.42970249,-0.073652948,-0.2175612
0.39636166,-0.2886309,-0.13262153
0.53406941,-0.089473674,0.0049871636
0.62714324,-0.17255711,-0.32793606
0.7219807,0.013449902,-0.048598184
0.19231041,-0.33997383,-0.11251311
0.61739104,-0.0034675963,-0.18506122
0.52576304,-0.13912145,-0.15552217
0.38010176,-0.16385147,-0.049555013
0.54689661,-0.13855161,-0.057811503
0.32717367,-0.2224842,0.00020019517
0.2949668,-0.099161249,-0.034909733
0.35018025,-0.14390246,-0.29411579
0.014392929,-0.2383103,0.12403229
0.12994257,-0.18866222,-0.097457663
0.41169525,-0.1329193,-0.16998166
0.31755883,-0.1289016,-0.11371302
0.36266672,-0.24078887,0.071197177
0.41750318,-0.062250203,-0.19503696
0.65301874,-0.090974103,-0.14769921
0.98135874,-0.041599997,-0.33681163
0.27936588,-0.2031048,0.0055750474
0.38615268,-0.11696245,-0.13438071
0.30453106,-0.18468068,-0.2424226
0.25672792,-0.19982329,-0.34966422
0.20160451,-0.17205023,-0.11742144
0.24954096,-0.10110956,-0.071870902
0.15315777,-0.14817708,-0.044862
0.56698863,-0.090908154,-0.32743212
0.19314722,-0.24227571,-0.044167732
0.15649,-0.18012087,0.098655858
0.19098022,-0.084563408,-0.20505648
0.44632908,-0.23876576,-0.011544025
0.62944118,-0.22139757,0.02779814
0.37993666,-0.048509101,-0.33233937
0.090922733,-0.1453445,-0.26633002
0.37831008,-0.14031659,-0.00037281676
0.36772145,-0.061833599,-0.25901585
0.52646123,-0.26717901,-0.035072765
0.80372648,-0.044834217,-0.20696985
0.45768784,-0.068197024,-0.050468931
0.55052085,-0.091750188,-0.10899464
0.42248842,-0.10912828,-0.04227662
0.34603984,-0.2536279,-0.11156401
0.3141822,-0.27256199,-0.11049876
0.44969957,-0.045457323,-0.071341137
0.60242707,-0.11267671,-0.23645055
0.21929721,-0.2441492,0.040614077
0.40408219,-0.13006058,-0.21015694
0.44670604,-0.22019538,0.021422029
0.39549212,-0.10036845,-0.20101493
0.28088818,-0.12265104,-0.060157228
0.63426332,-0.025635627,-0.18560287
0.61206401,-0.042593272,-0.17289313
0.5600009,-0.049085992,-0.30386557
0.37975689,-0.13452198,-0.29451863
0.032168874,-0.26666965,0.10007865
0.41779549,-0.24252844,-0.037663882
0.98294497,-0.092606647,-0.028264897
0.73627589,-0.097382133,-0.31276671
0.56821736,-0.12500316,-0.13158912
0.49851443,-0.14185177,-0.11741515
0.40248891,-0.17407319,0.060792753
0.37139312,-0.10301537,-0.31835208
0.20869689,-0.18706602,-0.051676989
0.24016632,-0.16884307,-0.11241613
0.45169249,-0.10219957,-0.15232571
0.20506843,-0.23120611,-0.048993479
0.071705102,-0.21938694,-0.2918742
0.49217337,-0.082171395,0.0071696553
0.4695349,-0.12641256,-0.25085525
0.22234473,-0.12604896,0.0069398893
0.42663219,-0.22761903,-0.28277774
0.56043672,-0.129201,-0.13098708
0.28505477,-0.082428611,-0.06080854
0.23420106,-0.087100151,-0.13114962
0.43954173,-0.22918625,-0.030144831
0.16132253,-0.13222661,-0.27188574
0.23596752,-0.26688017,0.026748011
0.34283536,-0.13773681,-0.30674157
0.57400084,-0.085777459,-0.064729836
0.39261589,-0.15847906,-0.18681866
0.55426733,-0.065863176,-0.061607312
0.72124696,-0.10634318,-0.45816765
0.5378839,-0.05047708,0.045436636
0.43526388,-0.21477218,-0.12378715
0.35197293,-0.096664587,-0.13222603
0.48284479,-0.12670432,-0.14396605
0.43988217,-0.063300555,-0.16409723
0.56954067,-0.13467714,-0.16680237
0.6079533,-0.049944884,-0.073267308
0.65361926,-0.14347915,-0.19404654
0.20297738,-0.090811095,-0.27766264
0.56204294,-0.12613749,0.028422419
0.51294315,-0.091631429,-0.064984931
0.69208383,-0.084244298,-0.14566742
0.39892346,-0.1722201,0.058417996
0.47045086,-0.16924995,-0.025567923
0.55077277,-0.12834167,-0.0045824542
0.19613228,-0.1247306,-0.18295278
0.3213802,-0.10742966,-0.25199244
0.4233991,-0.15483345,0.012577111
0.47697794,-0.086944128,-0.21704938
0.31012761,-0.2054882,-0.060542272
0.70798126,-0.1294628,-0.14441887
0.61689792,-0.13160493,-0.20823666
0.43862147,-0.10835191,-0.24406916
1.0776755,-0.10157418,-0.18615988
0.69596215,-0.12256191,-0.44845167
0.21409467,-0.14954747,0.14564401
0.56266139,-0.071649163,-0.41482821
0.067583491,-0.25683804,0.15068379
0.36728421,-0.082582835,-0.14866474
0.53492143,-0.25286864,-0.018977323
0.5062168,-0.022757966,-0.29516716
0.48986827,-0.13950735,-0.18641008
0.66212072,-0.14439323,-0.097993339
0.51890447,-0.065891252,-0.14023871
0.33268343,-0.22060849,0.2438898
0.70472473,0.035753572,-0.17235243
0.2093249,-0.15105674,-0.092972916
0.15304446,-0.10882241,-0.16833146
0.64375853,-0.03961818,0.17663682
0.56223161,-0.074199533,0.015257134
0.79965169,-0.061483363,-0.41823284
0.25933306,-0.14567536,-0.030819676
0.41012327,-0.15954713,-0.018454499
0.40945747,-0.15391142,-0.0040526554
0.21164492,-0.16514012,-0.14232689
0.58257653,-0.10521758,-0.34933082
0.64765299,-0.11900936,-0.23887916
0.50592663,-0.063572575,-0.1968973
0.37993448,-0.21016072,0.078258276
0.34060115,-0.12658269,-0.080649691
0.43441416,-0.14908919,-0.031480342
0.67738361,-0.12476906,-0.044042954
0.59142837,-0.14944618,-0.1516062
0.61727962,-0.11304653,-0.15524695
0.49149718,-0.082238964,-0.13474282
0.44275435,-0.13323307,-0.29378239
0.47613458,-0.099642376,-0.15875028
0.30909087,-0.15437329,-0.21413572
0.50839173,-0.21401875,-0.017168252
0.47226215,-0.203875,-0.094930458
0.40339719,-0.19009865,-0.1174668
0.32478951,-0.20873309,-0.22883954
0.68239848,-0.0039990393,0.014119523
0.52828743,-0.16354353,-0.34008224
0.3472689,-0.1173312,-0.22509675
0.46045566,-0.13634198,-0.13160415
0.45270989,-0.064053721,-0.19576201
0.52655118,-0.14071328,-0.12816031
0.38268394,-0.1395605,0.12992017
-0.058248309,-0.23622982,-0.15911024
0.32705402,-0.12571965,0.0040159083
0.2904496,-0.22619893,-0.064931878
0.76840644,-0.057299376,-0.1052881
-0.077891507,-0.16786581,-0.077824463
0.58463552,-0.14238199,-0.16441111
0.559705,-0.14092255,-0.24455655
0.40126735,-0.26453676,0.22933142
0.30916232,-0.15009246,-0.27400977
0.36585566,-0.1932348,-0.054802544
0.62473591,-0.013161633,-0.12526728
0.4913653,-0.095342704,-0.15771874
0.47287468,-0.20449245,-0.10558199
0.31897851,-0.15951926,0.11923263
0.16971231,-0.14204193,-0.17464176
0.043325475,-0.22480669,-0.23843393
-0.041452452,-0.23354601,0.054082906
0.20171249,-0.19381663,0.1826171
0.39509968,-0.11897607,0.069451042
0.44383014,-0.11732832,-0.10307937
0.22264076,-0.16329064,-0.083143454
0.20457495,-0.077825212,-0.10434055
0.17925015,-0.23691254,-0.19096055
0.20863108,-0.21935317,-0.24995311
0.64413355,-0.15766557,0.092293824
0.49010275,-0.1308376,-0.29639866
0.50319858,-0.13393149,-0.075670948
0.32158386,-0.20867493,-0.089823581
0.50648583,-0.028763522,-0.020575593
0.38693946,-0.24486093,-0.14302628
0.23475687,-0.1431896,-0.037064129
0.38487379,-0.13328646,-0.058335373
0.33934261,-0.067828011,-0.071580795
0.32813277,-0.089214472,0.054567881
0.2850337,-0.22457119,-0.058376752
0.54339295,-0.12610395,-0.20228496
0.6017531,-0.12251153,-0.32065182
0.24134495,-0.24171082,0.051860181
0.30857494,-0.16485537,-0.1317974
0.34296273,-0.2125318,-0.16858645
0.52840707,-0.15373224,-0.14272315
0.19160391,-0.12619809,-0.20086785
0.31557364,-0.065137729,-0.010738387
0.517459,-0.1434765,-0.0060190639
0.63333415,-0.040634295,-0.13033495
0.44253073,-0.12703945,-0.18271575
0.41249093,-0.096239469,-0.13281805
0.25266006,-0.17862831,-0.28809794
0.29675962,-0.17903982,0.037000227
0.46778528,-0.12955826,-0.38005135
0.35447661,-0.039175539,0.098295764
0.33866255,-0.13252936,-0.3513076
0.30444439,-0.10536102,0.17956031
0.61069305,-0.24199109,-0.19446084
0.51429773,-0.22052096,-0.21597662
0.43840527,-0.19397681,-0.25508446
0.37963827,-0.13209839,0.13045538
0.40279674,-0.23969478,-0.20378729
0.065327098,-0.1247645,0.013404312
0.37686944,-0.20022128,-0.14679782
0.40275602,-0.13860347,-0.039491596
0.38266945,-0.14339487,-0.15700235
0.43649807,-0.088100061,-0.047216117
0.38117625,-0.14941675,-0.20713965
0.53976734,-0.14739832,-0.0028456105
0.60571987,-0.070500903,-0.24247589
0.3586637,-0.20744427,-0.049183097
0.23210076,-0.18016398,0.00029003067
0.32934811,-0.20113581,-0.20431009
0.715542,-0.077821336,-0.042808119
0.57249695,-0.137323,-0.25073454
0.20916649,-0.22616056,0.12680447
0.32344755,-0.074013178,-0.19299868
0.28293252,-0.19473652,0.03582935
0.30704177,-0.14770859,-0.18956407
0.23502863,-0.16660965,0.040711646
0.51902777,-0.12644722,0.039059122
0.52788695,-0.15434782,0.039716055
0.50195703,-0.059151363,-0.16500217
0.50722885,-0.17138634,-0.21663262
0.32368268,-0.14704265,-0.12278801
0.66953676,-0.21452096,-0.076796255
0.51376766,-0.14764815,-0.14390748
0.31701036,-0.081594244,0.0048962158
0.38253321,-0.14703554,-0.37392473
0.44117731,-0.048968505,-0.18698581
0.047812814,-0.28799077,-0.043420938
0.24292034,-0.16625511,-0.085745024
0.63502272,-0.087436896,-0.26325132
0.78430136,-0.19146912,-0.042530856
0.80676414,-0.15021249,-0.17219054
0.19364844,-0.17299207,-0.11684001
0.27685124,-0.20106298,-0.081972647
0.4429645,-0.13802329,-0.049097207
0.36798216,-0.21538933,-0.25881888
0.1117025,-0.12858326,-0.0021937367
0.64623186,-0.13383214,-0.30738014
0.71114316,-0.11746324,0.016768074
0.44493424,-0.072862896,-0.14709136
0.31332081,-0.12569444,-0.045721787
0.2965882,-0.060666051,-0.15172391
0.59230943,-0.096974522,-0.49040665
0.25751148,-0.27786695,0.31149152
0.22636571,-0.10943977,-0.47059316
0.48609777,-0.017402864,-0.034585673
0.18823161,-0.26895026,-0.21316477
0.20430211,-0.15105776,0.12543506
0.51341097,-0.082410924,-0.0027101776
0.19801602,-0.17335861,0.042892089
0.32560378,-0.22788231,-0.09522777
0.33046281,-0.22098571,-0.29705799
0.38595869,-0.10314592,0.10443664
0.30143016,-0.097449361,-0.34636653
0.43344192,-0.11346519,-0.067235351
0.40331247,-0.1655741,-0.21756277
0.61041419,-0.087458136,-0.12359674
0.26002956,-0.16516803,-0.11074283
0.25358445,-0.17995943,-0.1474854
0.27740645,-0.083552552,-0.071650938
0.044206815,-0.27024006,-0.21291874
0.10564188,-0.183223,0.010127769
0.48791386,-0.14646511,-0.1264497
0.31664951,-0.14647337,-0.059154899
0.093286331,-0.059835832,-0.20468902
0.27395216,-0.20988394,0.1407108
0.38430834,-0.036559675,-0.42134541
0.14482899,-0.28494822,0.11721305
0.39211833,-0.098911585,0.095364492
0.26889335,-0.21073488,-0.087304193
0.48825326,-0.085758052,-0.11270626
0.46833801,-0.16882005,-0.092064368
0.40690827,-0.15969682,0.12269688
0.37030426,-0.091142063,-0.24512365
0.35101235,-0.12795591,-0.049046848
0.36748452,-0.20327283,-0.06602808
0.32272629,-0.12686491,-0.12723921
0.22905324,-0.16994217,-0.17641239
0.44773813,-0.17820538,-0.00808138
0.41369556,-0.1181844,-0.19711581
0.39085223,-0.18779927,-0.12889776
0.49693337,-0.085285389,-0.055501104
0.34014027,-0.14935442,-0.30741172
0.49820914,-0.048466508,-0.2147753
0.44524201,-0.25384711,0.00040055137
-0.036607379,-0.32529842,-0.073380119
0.59504452,0.017369031,-0.13395215
0.19235813,-0.29166018,-0.25042996
0.42449683,-0.12805125,-0.17275964
0.41482679,-0.15813163,-0.22392137
0.21243929,-0.0880455,-0.0023316163
0.48566269,-0.1913911,-0.17312498
0.4348932,-0.10068855,-0.11020226
0.49099738,-0.17012452,-0.17932459
0.049721827,-0.1458194,0.014316471
0.2591977,-0.24991443,-0.15992622
0.207337,-0.17093816,-0.24375233
0.019656119,-0.2567578,0.17163337
0.1796839,-0.23417759,0.25473355
0.3745091,-0.066246042,-0.40333242
0.40392,-0.16430722,-0.085275541
0.86324854,-0.033007579,-0.18607901
0.71100959,-0.12363523,-0.16633584
0.64738845,-0.089561053,-0.10894638
0.64849828,0.010932846,-0.29919847
0.55213835,-0.075354291,-0.10374812
0.60066643,-0.14614669,-0.093470932
0.07276855,-0.18020306,0.075075777
0.42488895,-0.11793606,-0.17457125
0.42074204,-0.052350144,-0.2126529
0.65075785,-0.045661484,-0.18636803
0.60784369,-0.096580653,-0.043096535
0.51507774,-0.18285112,-0.050193679
0.21648469,-0.13013337,-0.16262419
0.36742563,-0.12391293,-0.046388881
0.23833058,-0.099214673,-0.044584297
0.30416027,-0.16961993,-0.1390393
0.10441458,-0.063341161,-0.07746525
0.28583929,-0.09105767,-0.052086391
0.15189348,-0.021205932,-0.10369753
0.43428075,-0.10550187,-0.33618987
0.15686481,-0.13131519,-0.1020098
0.78976709,-0.068987088,-0.30079281
0.32109345,-0.28161774,0.06767368
0.61283921,-0.081541625,-0.30015724
0.76582787,-0.10689449,-0.041940343
0.16022873,-0.19804345,-0.28226429
0.17132203,-0.16772639,0.11677214
0.59141741,0.019532415,-0.30698339
0.41288175,-0.21078102,-0.22314135
0.47462522,-0.090620413,0.011490245
0.35419282,-0.24465415,-0.050288062
0.39933057,-0.21837357,-0.022881421
0.5511025,-0.12487312,-0.12130408
0.3733957,-0.079772408,-0.20256915
0.40689112,-0.21018414,-0.047627432
0.64334772,-0.13286997,-0.15016332
0.53629011,-0.14492871,-0.14720995
0.23842605,-0.23362963,-0.084702611
0.74789799,-0.11013891,-0.19095599
-0.1477652,-0.25675997,-0.026445069
0.17867313,-0.16482764,-0.22390047
0.21966332,-0.12879303,0.11308139
0.076253862,-0.10026833,0.093308403
0.40325193,-0.10365052,-0.14938924
0.30994034,-0.17251164,-0.051828922
0.44580709,-0.089161788,0.0028231828
0.33170759,-0.17079915,-0.20365411
0.6028016,-0.084608793,-0.023560231
-0.0053729691,-0.21676537,0.012350704
0.36832329,-0.17019093,-0.036099921
0.37662035,-0.10786332,-0.34384311
0.53814213,-0.054852194,0.064522238
0.28841082,-0.078283953,-0.095918403
0.41730717,-0.057229276,-0.10777327
0.65110138,-0.12742629,-0.12765769
0.63535923,-0.12293564,-0.13468822
0.51136124,-0.11506077,-0.23521998
0.40263417,-0.11163072,0.16554364
0.55051112,-0.20660691,-0.17328087
0.5741916,-0.24829042,0.13260006
0.46936407,-0.12697651,-0.17393013
0.33562987,-0.20198207,-0.14538128
0.34634717,-0.15389657,-0.076524185
0.31507145,-0.13249308,-0.079220403
0.30890659,-0.14686969,-0.12576579
0.46711096,-0.20001988,-0.040035939
0.45298704,-0.088855975,-0.014901343
0.33451029,-0.22829814,-0.24904714
-0.1040585,-0.17375162,-0.045486965
0.63463424,-0.18016422,-0.27968089
0.29087624,-0.14719905,0.081244528
0.60531728,-0.078115343,-0.17283874
0.74687753,-9.0976824e-05,-0.082290194
0.13205323,-0.2549361,-0.13754119
0.2840863,-0.16421195,-0.1231997
0.19289665,-0.18058396,-0.17346507
0.61886683,-0.10133855,-0.0082650405
0.57506957,-0.08634857,0.10907632
0.60997624,-0.07065097,0.11498896
0.54127635,-0.05462193,-0.21651281
0.63294969,-0.11177516,-0.21716593
0.55528541,-0.038748798,0.19172881
0.44785187,-0.23694785,-0.3530338
0.45390783,-0.073393,0.050903524
0.53973673,-0.14889351,-0.20461948
0.40463854,-0.10114456,-0.2473577
0.18654207,-0.15524039,0.081660795
0.40972472,-0.046697156,-0.19956666
0.30689468,-0.060037274,-0.031019586
0.46794172,-0.046510502,0.11336573
0.47377788,-0.14980585,-0.2690211
0.23185909,-0.28554735,-0.10362067
0.58271183,-0.11652386,-0.072190696
0.78062452,-0.19837856,-0.072466381
0.14531341,-0.21622764,-0.076680793
0.36366773,-0.23001281,-0.17668107
0.46184067,-0.13596341,-0.15731875
0.40655861,-0.020833747,-0.089575967
0.36577399,-0.22456083,-0.15513044
0.60678483,-0.069135288,-0.095019056
0.031604625,-0.13048816,0.0083676401
-0.05953287,-0.29732253,-0.14113614
0.55359257,-0.080125209,-0.25261463
0.44592859,-0.12702317,-0.15192377
0.20500142,-0.083799253,-0.20651301
0.36696412,-0.2067979,0.058865651
0.3049049,-0.26340627,-0.20821557
0.21706966,-0.14765825,-0.19375771
0.41694966,0.034086346,-0.28449573
0.065129321,-0.335685,-0.017126356
0.15200606,-0.23911936,0.22442669
0.50915467,-0.21101294,0.22032315
0.22854306,-0.18711427,-0.038302548
0.29228033,-0.2200327,-0.10168702
0.50200135,-0.12664738,-0.37641087
0.37215509,-0.20399437,-0.13714904
0.35658843,-0.19430082,-0.20017176
0.18017687,-0.19729935,-0.21203867
0.48202331,-0.15120336,-0.25533265
0.66255388,-0.12085365,-0.064735327
0.18910193,-0.22098418,-0.036894733
0.42236517,-0.20250111,-0.17997172
0.39075081,-0.15471015,-0.14324062
0.76342277,-0.039033727,-0.23676369
0.45464579,-0.18406133,-0.091952731
0.49687245,-0.18496245,-0.13731719
0.63595135,-0.093230422,-0.084567624
0.54404806,-0.12696724,0.025144793
0.32268707,-0.173263,-0.080406755
0.52098959,-0.20094163,0.063341609
0.38913639,-0.17193846,-0.098115433
0.23700741,-0.16430708,0.032782571
0.14985283,-0.2953736,0.21935667
0.65512798,-0.063061627,-0.26217019
0.53714352,-0.036534716,-0.21449655
0.55325722,-0.11141537,-0.3097561
0.57684149,-0.091151582,-0.26594365
0.46777025,-0.14460273,-0.30916865
0.42251052,-0.0970957,-0.15599541
0.34148684,-0.20920032,-0.08510287
0.43790193,-0.11231527,-0.18223636
0.31360723,-0.11662206,0.052063701
0.34246146,-0.11999946,0.0094863593
0.34499948,-0.098995762,0.12844168
0.14941778,-0.24388386,-0.097675667
0.40702463,-0.026970179,-0.31875088
0.7712336,-0.15372109,-0.32568648
0.49051438,-0.087523535,-0.070916667
0.31231225,-0.15776696,-0.11956164
0.34650205,-0.1239282,-0.054431116
0.18788145,-0.23175604,0.04816359
0.52627705,-0.11978382,0.068982257
0.36544616,-0.29940605,-0.263771
0.42214226,-0.22601254,-0.30250755
0.27237043,-0.22231073,-0.056769951
0.33993736,-0.14019395,-0.25595747
0.069364258,-0.23003952,0.15908278
0.26268199,-0.24882965,-0.22302185
0.52984022,-0.19797119,0.067777421
0.55183856,-0.14016423,-0.42465741
0.4928398,-0.23605773,-0.40559632
0.31673511,-0.065428178,-0.02117885
0.80034126,-0.067355887,-0.2277715
1.0389031,-0.090488595,-0.27447693
0.59978138,-0.14374584,-0.28620296
0.4837297,-0.081605811,-0.053146452
0.54311899,-0.27247103,-0.10928125
0.47247401,-0.24506238,-0.14901495
0.3993676,-0.11749398,-0.1080736
0.31207762,-0.11803788,-0.080337669
0.23413323,-0.13388099,-0.10395221
0.14150123,-0.12451393,-0.089842236
0.0047206185,-0.1887392,0.11839524
0.3889301,-0.18763713,-0.12355535
0.32060674,-0.1537081,-0.014649202
0.30724693,-0.25429786,-0.074238862
0.2170026,-0.090395094,-0.23632148
0.54644793,-0.16763411,-0.1514827
0.70448197,-0.060784833,-0.16540427
0.62875481,-0.065945243,-0.29371815
0.79529447,-0.072176002,-0.2706503
0.32963213,-0.2003622,-0.10480629
0.27369389,-0.15681109,-0.25142731
0.34198326,-0.1710443,-0.12397951
0.29783189,-0.16365715,-0.23287152
0.47232038,-0.16614639,-0.095525708
0.51845952,-0.16203667,-0.055582293
0.29798285,-0.20359267,0.012704007
0.19020422,-0.19499243,-0.093616603
0.33416518,-0.17528462,0.18091175
0.38954013,-0.10633222,0.097417509
0.46302811,-0.12168944,-0.15726268
0.44162452,-0.19285988,-0.18917544
0.43442905,-0.13260544,-0.066049726
0.30761172,-0.16145107,-0.14838586
0.41554476,-0.14577977,-0.082538696
0.47586739,-0.16851999,-0.15299789
0.43894726,-0.2190232,-0.26126185
0.51477466,-0.075526358,-0.12405445
0.3476423,-0.13259242,-0.18488535
0.33510643,-0.16568788,-0.073520598
0.552865,-0.10379263,-0.060520865
0.37955853,-0.21123839,-0.30026319
0.41085102,-0.1427569,-0.0024310039
0.36174947,-0.12257228,-0.11781983
0.49853006,-0.13771383,-0.21550201
0.1970494,-0.17545039,-0.058066311
0.18543431,-0.20037394,-0.056038054
0.65464096,-0.029842138,-0.17430593
0.57674947,-0.17451666,-0.25502021
0.8624064,-0.14093821,-0.46835551
0.27719422,-0.14505169,0.1141949
0.1335342,-0.11580417,0.14894384
0.13937825,-0.18416203,-0.088852036
0.60530702,-0.12442557,-0.22414786
0.54227215,-0.099228231,-0.49112229
0.56957947,-0.12973893,-0.16000215
0.52088066,-0.13927621,-0.0079146348
0.2707898,-0.12779263,-0.12790957
0.2537683,-0.26807987,-0.28698664
0.46591932,-0.13115391,-0.31683335
0.50331683,-0.11160123,-0.016811874
0.42496285,-0.2390401,-0.030554537
0.54744043,-0.093813717,-0.22577235
0.48392833,0.052074939,-0.27128644
0.43542004,-0.22043396,-0.13030942
0.44991916,-0.23344942,0.13280517
0.3066086,-0.15096628,-0.037603026
0.38184083,-0.17440256,-0.22029382
0.38354395,-0.099140169,-0.028753305
0.37613998,-0.053496231,0.078197708
0.47028775,-0.22905218,-0.22035436
0.48883175,-0.043130791,-0.11488175
0.60970133,-0.11492042,-0.10927512
0.55102611,-0.12485786,-0.077470384
0.57789049,-0.14930673,-0.10296613
0.55963177,-0.11630184,-0.3112451
0.52093306,-0.10749423,-0.045958211
0.3676127,-0.15478606,-0.12434961
0.4724748,-0.20379518,-0.0035641942
0.18201413,-0.24116044,-0.19090128
0.50730852,-0.051050909,0.14625207
0.21240311,-0.18717264,-0.11136885
0.48244424,-0.10046411,-0.20995323
0.024332703,-0.15833731,0.16110454
0.33192695,-0.16128992,-0.027525078
0.23423529,-0.18500021,-0.078216919
0.2119621,-0.20069845,-0.1121886
0.20339367,-0.19834976,-0.082313188
0.26797214,-0.1916439,-0.1911004
0.34040181,0.024068765,-0.067778464
0.46413975,-0.21953083,-0.11737969
0.20680824,-0.089129824,-0.058652482
0.12249191,-0.18409546,-0.052340157
0.78732694,-0.12472457,-0.28466677
0.36925128,-0.17813084,-0.13267198
0.33393168,-0.17328922,-0.033673985
0.3005355,-0.15174798,-0.1513129
0.33387053,-0.14226058,-0.14391377
0.48732819,-0.11051295,-0.056992126
0.28766002,-0.19524361,-0.079559632
0.46413224,-0.1737736,0.030745196
0.36734982,-0.23042567,-0.15393444
0.36872232,-0.20927958,-0.032531269
0.57231744,-0.078359429,-0.2285583
0.40240744,0.0021966953,-0.093582964
0.56990869,-0.12706622,-0.065993735
0.4675784,-0.15916918,-0.097764024
0.63178999,-0.10052765,-0.21210714
0.30559964,-0.20133693,-0.27253043
0.34269347,-0.1284841,-0.16756652
0.52315412,-0.095801504,-0.21853588
0.37189112,-0.11088809,-0.11872246
0.5024867,-0.17973798,-0.076983689
0.49268408,-0.074211092,-0.078503909
0.17611885,-0.17931509,-0.056377697
0.70041816,-0.11278593,-0.2875192
0.38343255,-0.086943395,-0.055855753
0.41869922,-0.21927603,0.025804281
0.30785398,-0.10975642,-0.1502049
0.3276134,-0.16363608,-0.16130897
0.18175383,-0.18846939,-0.18923
0.51134147,-0.07017183,-0.11438537
0.33716409,-0.25534999,-0.15345198
0.38857916,-0.1224058,-0.057217071
0.52440878,-0.14265433,-0.12062079
0.55006116,-0.081251925,-0.052752432
0.53043953,0.0037804439,-0.29862983
0.8040873,-0.061866986,-0.34769116
0.45128218,-0.1670387,0.012120471
0.48201284,-0.15539809,-0.065632153
0.30146562,-0.14651792,-0.30718254
0.62965079,-0.206436,0.18757025
0.57346366,-0.19958438,-0.12202453
0.43314022,-0.15615285,-0.15531992
0.4944149,-0.13527601,-0.21533827
0.85170988,-0.025499889,-0.16180163
0.15225359,-0.22144179,-0.066704292
0.42203858,-0.087318488,-0.25647528
0.29222441,-0.10578829,-0.14164117
0.25190335,-0.21798127,-0.026320843
0.58463485,-0.11857191,-0.18438638
0.25530079,-0.22323902,0.0098227555
0.58816682,-0.038224812,-0.082391448
0.47351503,-0.20147355,0.068830798
0.41141669,-0.13492061,-0.11219732
0.081885112,-0.18681636,-0.087654639
0.50956385,-0.14940724,-0.16564582
0.31507568,-0.2026571,-0.53617388
0.11909998,-0.19884144,-0.071757698
0.43581148,-0.18125847,-0.30357501
0.41486723,-0.14178938,-0.28832062
0.58050846,-0.1406504,-0.069389353
0.40371088,-0.19775817,-0.059109583
0.31562858,-0.24365817,-0.12325032
0.46982166,-0.28120106,-0.21427039
0.29456255,5.1025394e-05,0.060059775
0.16178298,-0.21621766,-0.16910509
0.24550239,-0.17338481,-0.14190609
0.44726074,-0.029648543,-0.32449335
0.22101999,-0.079297617,-0.25434666
0.56790881,-0.080778332,-0.1313865
0.17998742,-0.2905942,-0.010489477
0.50151143,-0.14161587,-0.18901378
0.49029688,-0.084125052,-0.01698451
0.42874065,-0.16636953,-0.0090167979
0.50741026,-0.19152922,0.13193912
0.51901233,-0.14186969,-0.37385829
0.63875354,-0.16850775,-0.22723321
0.64223322,-0.20066898,-0.24108707
0.2400796,-0.21475382,-0.1171173
0.34728812,-0.12706889,-0.12762676
0.48006495,-0.20273375,-0.04781397
0.20035502,-0.18858947,0.043364629
0.44362157,-0.131774,-0.071281924
0.26473138,-0.098698766,-0.10449847
0.53209192,-0.17584001,-0.083480657
0.44697267,-0.13125748,-0.23304899
0.28320502,-0.16842718,-0.10602154
0.25154036,-0.16694134,-0.24214263
-0.014307228,-0.25832854,0.075880128
0.012925591,-0.33316287,0.024263538
0.29827138,-0.1780522,0.037965301
0.29533394,-0.14687011,-0.27153577
-0.014205759,-0.15639375,-0.05611239
0.2075095,-0.11721361,-0.38671
0.80245049,-0.15631328,0.10772683
0.59398687,-0.076409011,-0.012958449
0.48133546,-0.10173368,-0.084061954
0.30112574,-0.17416348,0.22636934
0.27842731,-0.17749106,-0.088881005
0.36421178,-0.15682521,-0.10795609
0.4418323,-0.1430837,-0.12772081
0.65023452,-0.099973121,-0.22412998
0.38693225,-0.22361736,-0.18212654
0.44182338,-0.16416922,-0.2589382
0.53326231,-0.17162999,-0.081612231
0.47421008,-0.17349304,-0.1833194
0.49646929,-0.14370532,-0.19282094
0.42551598,-0.19916247,-0.27445696
0.53750654,-0.026321214,-0.11180072
0.21833905,-0.19357361,-0.061797598
0.43848937,-0.12399474,-0.10939233
0.22099032,-0.26665162,-0.049895859
0.18386248,-0.034456274,-0.11121752
0.37902269,-0.14691546,-0.040615214
0.35529713,-0.16195056,-0.10060824
0.34429949,-0.042400754,-0.37944959
0.37141956,-0.055451896,-0.021282651
0.083738032,-0.23996351,-0.21320084
0.24212006,-0.29121097,-0.10066654
0.13145467,-0.29946288,-0.063930828
0.15786142,-0.24782641,-0.094070828
0.23514308,-0.15673534,-0.017110186
0.25628942,-0.12721818,-0.00022590772
0.11499741,-0.15288758,-0.14866569
0.4805304,-0.13345921,-0.0052186171
0.21161012,-0.17930507,-0.085507648
0.63274295,-0.090606637,-0.061012422
0.81410307,-0.11120518,-0.32780171
0.64770271,-0.1035368,-0.22788469
-0.025144465,-0.24184345,-0.1229646
0.17704982,-0.21329133,-0.065259142
0.26791042,-0.1389252,-0.10318036
0.39815585,-0.18134632,-0.26160422
0.65105247,0.033067989,0.048540955
0.46730095,-0.28330474,-0.29313142
0.48392045,-0.079251485,-0.19311371
0.35351534,-0.098246835,-0.31028582
0.41500014,-0.080133017,-0.42625024
0.75628027,-0.22447373,-0.078457729
0.5908799,-0.10971321,-0.22434613
0.293426,-0.16122391,-0.24335478
0.17401746,-0.2262245,-0.12804875
0.27151657,-0.15939086,-0.13187576
0.48734914,-0.10983983,-0.20020414
0.19191842,-0.21953596,0.03723076
0.48332121,-0.082233852,-0.18798952
0.5157039,-0.093685092,-0.35529768
0.35340662,-0.16493838,0.083813139
0.4067904,-0.21011535,0.042412059
0.24906246,-0.13238212,0.068275131
0.34998569,-0.11309683,-0.015340474
0.36065212,-0.052419841,-0.083426129
0.72435858,-0.18970835,-0.079740377
0.6022837,-0.11883112,-0.17083033
0.13437866,-0.27339074,0.045914407
0.037066264,-0.31189258,0.055518231
0.18229119,-0.2613444,0.062405708
-0.10942295,-0.31852618,0.18606655
0.039479354,-0.2237438,0.013537953
0.72350599,-0.097019199,-0.11049152
0.29410757,-0.090858936,-0.25292974
0.20945707,-0.33393781,-0.042951622
0.48110852,-0.073500781,-0.27739967
0.51145854,-0.074882448,-0.30138584
0.2503306,-0.22193857,0.035031193
0.33121662,-0.1030201,-0.18013625
0.26857359,-0.18479718,0.14997017
0.46604438,-0.16281415,-0.040395706
0.2426566,-0.095758821,-0.16417976
0.16153727,-0.13076463,-0.281423
0.30325945,-0.15571455,-0.10933267
0.29841978,-0.16321863,-0.10636141
0.66705931,-0.062524702,-0.12635513
0.48707098,-0.13897173,-0.013453863
-0.079565313,-0.18575565,-0.19509211
0.42478206,-0.17252991,0.00083830434
0.38808654,-0.050612908,-0.50457215
0.53852732,-0.082719002,-0.14374346
0.25952382,-0.18715671,-0.12375156
-0.018453202,-0.2052003,-0.093611499
0.46706339,-0.17659508,-0.1461427
0.42512243,-0.25922291,0.033392425
0.73725537,0.012812005,-0.031836608
0.60769206,-0.26331758,-0.2846669
0.025517738,-0.17878159,0.055958348
0.40962762,-0.077747394,0.038560819
0.16199134,-0.18787828,-0.13446703
0.21419115,-0.299096,0.1250567
0.38756915,-0.1253501,-0.19645896
0.40963075,-0.15652503,-0.069463236
0.021175875,-0.29867203,-0.070219673
0.32543059,-0.079432664,-0.015395297
0.39097448,-0.15546943,-0.25562606
0.50773111,-0.077056266,0.059112995
-0.12258841,-0.324974,-0.12762004
0.10941984,-0.24711758,-0.18859674
0.083971725,-0.24751738,-0.23590711
-0.020162679,-0.22627153,0.38600691
-0.16728784,-0.22855781,-0.058623027
0.37714355,-0.099094102,-0.15572737
0.54797329,-0.077523266,-0.096824248
0.48262996,-0.23052713,-0.25529689
0.39968017,-0.24075301,-0.22180652
0.53183777,-0.16303571,-0.17867351
0.53089229,-0.12490922,-0.0515906
0.47138898,-0.069314531,-0.32789674
0.35144029,-0.080513342,-0.28417533
0.44673292,-0.15651656,-0.012829873
0.46046286,-0.10190877,-0.16037515
0.64853309,0.022651915,-0.30321571
0.58658099,-0.21785255,0.069036335
0.28207372,-0.1782109,-0.025629586
0.30583916,-0.10152431,-0.2435669
0.021731745,-0.29715099,0.2798684
0.12607965,-0.2151549,-0.07951533
0.36151184,-0.14975714,-0.013892302
0.4609472,-0.027377554,-0.28577457
0.21678465,-0.14303602,-0.084892399
0.1772233,-0.1560002,-0.065190216
0.39739553,-0.15229159,-0.1797076
0.3500676,-0.13881823,-0.21225452
0.32994209,-0.13197747,0.015553643
0.3060069,-0.14161895,-0.036597216
0.21871174,-0.15460376,-0.2168762
0.16720865,-0.13606397,-0.13176921
0.46302567,-0.19236242,-0.14862162
0.16922902,-0.19678471,0.086543438
0.31642331,-0.18393957,-0.12028626
0.068879659,-0.1402593,0.07948119
0.14977369,-0.13515875,-0.24457155
0.21797074,-0.11806816,-0.16911471
0.32093889,-0.1319679,-0.28877734
0.53176212,-0.073376017,-0.3345262
0.26141998,-0.13056066,-0.012322615
0.46024149,-0.12041658,-0.29570367
0.81984432,-0.056914922,-0.071366744
0.81096589,-0.10440737,-0.15218306
0.60480156,-0.15413622,-0.12824142
0.38103157,-0.090032376,-0.12704917
0.59450324,-0.11839277,-0.1830153
0.48444393,-0.1131758,-0.026726706
0.45568455,-0.15919791,-0.16435275
0.39791973,-0.0045908781,-0.13689856
0.14837312,-0.29835258,-0.096878392
0.14883852,-0.30128291,-0.23625166
0.29264103,-0.16766737,-0.26872851
0.23383483,-0.17550014,-0.045704824
0.33460939,-0.18089037,-0.15656937
0.31905876,-0.14853545,-0.052306898
0.44426804,-0.13366647,-0.19363905
0.25335878,-0.13876603,-0.12512967
0.39791576,-0.16691532,-0.017234723
0.51099407,-0.18835316,0.095907278
0.042376427,-0.19043959,-0.16280921
0.2817,-0.15266936,-0.35231905
0.053881058,-0.23288609,0.06539514
0.27584993,-0.16075267,-0.19881144
0.71057419,-0.14214699,-0.037231664
0.43112197,-0.17472019,-0.11333657
0.25804265,-0.2092813,0.0036891857
0.25193724,-0.092221967,-0.089960629
0.26959676,-0.09953172,-0.035841131
0.20190085,-0.13774238,-0.071381021
0.2673673,-0.1256884,-0.18337456
0.18581566,-0.19973512,-0.036110051
0.29329821,-0.11569639,-0.259961
0.46481591,-0.11536523,-0.0012575047
0.33395042,-0.029037125,-0.4704802
0.2828611,-0.21074897,0.2369075
0.29945991,-0.18049575,-0.020089129
0.49288897,-0.061198137,-0.25054739
0.68545404,-0.17450533,-0.2330747
0.39432427,-0.01649876,-0.10555478
0.23143477,-0.25146362,-0.074369135
0.29373554,-0.169247,0.12339022
0.49378924,-0.091447863,-0.32197631
0.56491195,-0.19054604,-0.1770653
0.59016506,-0.15776735,-0.071755048
0.10487879,-0.1526597,-0.17821869
0.23704997,-0.13176027,0.12998768
0.16014614,-0.19172577,-0.085781575
0.39234004,-0.20213128,0.011989404
0.28787924,-0.16108489,0.01033823
0.05401229,-0.17342072,-0.12371123
0.53458959,-0.22706313,0.016877602
0.57094057,-0.29072333,0.081829125
0.44106482,-0.22389633,0.087099594
0.4335801,-0.23167565,0.062021114
0.064442778,-0.27938054,-0.15459709
0.46915724,-0.039543464,-0.088933958
0.27618835,-0.060138591,-0.049166114
0.29928048,-0.082655428,-0.024966858
0.21676797,-0.21216703,-0.32725104
0.13326427,-0.20116273,-0.35458637
0.49804047,0.088320006,-0.038778275
0.39343405,-0.12495254,-0.25860188
0.57965074,-0.10876155,-0.10664407
0.56921794,-0.084274693,-0.2017502
0.12801054,-0.2965601,-0.1847751
0.36120525,-0.25119354,-0.23406766
0.85101273,-0.10727594,-0.073338658
0.43409747,-0.17831301,-0.16717281
0.32748381,-0.059212644,0.057668208
0.18026632,-0.1561964,-0.019805694
0.36933176,-0.1641036,-0.040659607
0.27493856,-0.23669806,-0.077273659
0.47929165,-0.13339855,-0.18823728
0.35256886,-0.18660136,0.049540875
0.58469845,0.039461911,-0.36913649
0.30548905,-0.20422662,0.0067001799
0.13333578,-0.18755754,0.078987589
0.21496727,-0.24796374,-0.032741629
0.50328358,-0.014800892,-0.26830168
0.49194051,-0.19647176,-0.0035920052
0.33052882,-0.19396162,-0.23117426
0.40207306,-0.11054222,-0.079103058
0.61596419,-0.1620128,-0.21195286
0.32453167,-0.13554733,-0.13683017
0.059268165,-0.23884658,-0.062522257
0.20780709,-0.1738486,-0.0069758879
0.25390819,-0.17032657,-0.12220122
0.50302547,-0.14888845,-0.21819118
0.57284195,-0.039288496,-0.25305187
0.5993843,-0.030110681,-0.36215855
0.53803777,-0.039431111,-0.34478861
0.33043639,-0.20780681,-0.064976746
0.42493799,-0.22491207,-0.17259089
0.49566154,-0.20688172,-0.081471816
0.30746302,-0.12020544,-0.15661103
0.38127164,-0.22116714,-0.072376603
0.49186391,-0.11413643,0.0021469193
-0.14614882,-0.22257185,-0.0070933752
0.67569547,-0.070286338,-0.13154367
0.44438365,-0.12583393,-0.14813618
0.44691183,-0.035818515,-0.29162695
0.57924247,-0.056539913,-0.13833487
0.23244902,-0.11317304,-0.18945506
0.25442997,-0.064857887,-0.22941949
0.23562395,-0.099082806,-0.0043285274
0.27787652,-0.17285645,-0.079631406
0.42716521,-0.1463268,-0.070151518
0.46150176,-0.084662455,-0.17740301
0.45483422,-0.13743824,-0.12851966
0.45218967,-0.10172471,-0.15445102
0.62094122,-0.1865564,-0.13341958
0.67437624,-0.025750196,-0.35379919
0.53208677,0.034165827,-0.16464455
0.59120156,-0.15620237,-0.17061241
0.51440165,-0.06861411,-0.017421623
0.64473561,-0.22291951,-0.10472072
0.46261524,-0.15225427,-0.26316187
0.48495319,-0.12952182,0.017175175
0.38070866,-0.14158485,-0.17167213
0.3344203,-0.053403321,-0.35581183
0.41140946,-0.19699372,0.069858194
0.25526674,-0.19445248,-0.021949643
0.29948285,-0.25876319,0.17076204
0.071128185,-0.18700485,-0.05972371
0.24048683,-0.1655934,-0.037446533
0.51153557,-0.1483867,-0.050228116
0.089438355,-0.22070828,0.056062242
0.15573583,-0.16783511,0.081621457
0.29872712,-0.16133662,-0.28990449
0.61410085,-0.18227818,0.15783745
0.4135854,-0.15357272,-0.11435606
0.026151205,-0.183721,0.013904978
0.48095378,-0.063058519,0.018235652
0.18448795,-0.21609551,-0.12517415
0.38595116,-0.10429412,-0.072167682
0.23439842,-0.22531597,-0.021687499
0.35624106,-0.16969389,-0.28845909
0.35272949,-0.063811976,-0.13316466
0.47907119,-0.23357491,-0.054800436
0.48083431,-0.17532063,-0.027000799
0.5047307,-0.2206434,-0.10058585
0.6363069,-0.11763515,-0.22491472
0.60505925,-0.11271487,-0.13697472
0.39580531,-0.10237429,-0.21318672
0.65701607,-0.12792343,-0.24120814
0.73681043,-0.069036263,-0.035470575
0.56743171,-0.12358259,-0.080139151
0.14471981,-0.21864552,-0.089212698
0.29264757,-0.13484883,0.042080588
0.29819209,-0.16706276,-0.11514042
0.24488096,-0.1617231,-0.15190994
0.36920103,-0.15648406,0.012748173
0.68746819,-0.17690936,0.0064340917
0.47700452,-0.10939538,-0.32048821
0.0085161898,-0.18354269,0.072888018
0.33768614,-0.12676176,-0.10494203
0.24118342,-0.10567931,-0.016321577
0.34931866,-0.27144953,-0.10858147
0.57474685,-0.07717278,-0.16539743
0.29824243,-0.20207335,-0.15202508
0.29996736,-0.10331295,-0.067766454
0.57694537,-0.1455991,-0.21652405
0.30139785,-0.15290027,-0.15894892
0.31826673,-0.1011306,-0.17198557
0.32515328,-0.15211267,-0.038124134
0.47532811,-0.15797992,-0.18276717
0.32477466,-0.045296741,-0.080233954
0.23032623,-0.12854577,-0.067464648
0.2553351,-0.16671417,-0.06217964
0.42553657,-0.20230259,0.079150854
0.34950101,-0.098623136,-0.065610377
0.39769132,-0.15867832,-0.15777323
0.4078204,-0.16868547,-0.27115989
0.25921416,-0.17697877,-0.19460399
0.34131936,-0.15519673,-0.015556261
0.21139844,-0.22411218,-0.12207534
0.37062812,-0.15208434,-0.047738668
0.41116511,-0.07070529,-0.14367871
0.6924902,-0.001427246,-0.20805139
0.72863633,-0.20699472,0.041245976
0.47424281,-0.11960562,-0.089458831
0.5301026,-0.034400857,-0.18135331
0.18410819,-0.12820498,0.080063322
0.59386287,-0.20576498,-0.34167609
0.63602336,0.010696568,0.018354596
0.39124979,-0.19219924,-0.2765747
0.43869851,-0.089010778,-0.15000491
0.58200384,-0.16710824,-0.11537093
0.33164387,-0.071923856,-0.26282529
0.55866526,-0.1252402,-0.10618339
0.40712645,-0.16280667,0.089800124
0.32614465,-0.17428401,-0.25804578
0.42873295,-0.091451614,-0.014361903
0.25989211,-0.12195729,-0.029444738
0.54627359,-0.13251706,-0.18778324
0.798895,0.0092947004,-0.21862842
0.65308901,-0.052807594,-0.19109949
0.27517405,-0.31544715,0.052425272
0.54036297,-0.077721561,-0.089191008
0.70254917,-0.052053349,-0.16917233
0.15778543,-0.2315525,-0.10800612
0.25308825,-0.21238584,-0.017304095
0.29845973,-0.22165285,0.0057128602
0.52534608,-0.00080928367,-0.25406549
0.75941045,-0.068856316,-0.20083461
0.12108199,-0.23515519,-0.050122492
0.62097051,-0.14044683,-0.30293285
0.4493255,-0.19446264,0.084281403
0.28679611,-0.12215854,-0.21651144
0.26285485,-0.1635615,0.037109478
0.36367817,-0.17280526,-0.0035812989
0.38056227,-0.12896183,0.040438136
0.075580685,-0.16002437,-0.10045623
0.57050204,-0.12040138,-0.11967659
0.29860813,-0.21215075,-0.13416318
0.10586659,-0.19618797,0.069748199
0.33967304,-0.20053263,-0.064173028
0.22241796,-0.20143858,0.066643078
0.49161973,-0.15481444,-0.23898543
0.53727277,-0.2755503,0.036991472
0.23070466,-0.23928296,0.14592844
0.22135964,-0.15567406,0.21923966
0.37495638,-0.1006959,-0.026965109
0.29085704,-0.23179115,0.0601646
0.31355449,-0.2319476,0.049593672
0.46846625,-0.12714266,-0.24897851
0.48322372,-0.046276024,-0.016354843
0.27508712,-0.075653221,-0.22996923
0.34255112,-0.12739674,-0.0090886392
0.53845869,-0.08705361,-0.052433728
0.35072346,-0.21836186,-0.064764901
0.36592879,-0.10052397,-0.018140134
0.52891797,-0.17429466,-0.35505847
0.58191834,-0.055870205,-0.078081314
0.21225416,-0.16016375,-0.19169988
-0.17364586,-0.17149098,-0.017185684
0.25819236,0.017548561,0.053155794
0.46150532,-0.26563536,-0.14122874
0.35592242,-0.076574391,-0.1845965
0.16158612,-0.15141614,-0.20057031
0.42868396,-0.070778894,-0.050930299
0.30033027,-0.095057997,-0.023057665
0.3935953,-0.09180952,-0.19711041
0.13960924,-0.047879368,-0.066687312
0.21330619,-0.075587099,-0.12808159
0.33102092,-0.14524741,-0.10967956
0.31130927,-0.19888271,-0.27053919
0.3402954,-0.20270812,-0.11943763
0.29210487,-0.18989556,0.29704253
0.39185415,-0.184249,-0.21658016
0.44700834,-0.2244423,0.16436358
0.36351167,-0.16771909,-0.36742731
0.66379773,-0.036468858,0.034965567
0.53311575,-0.16385901,-0.17399647
0.39869406,-0.045752836,-0.20049724
0.20437836,-0.14822773,-0.10959639
0.70922526,-0.18508867,-0.10291085
0.7045595,-0.028878259,-0.32263762
0.56873132,-0.068566077,-0.23233406
0.75389469,-0.060012619,-0.19807816
0.738012,-0.099975171,-0.31296053
0.24422477,-0.22083632,-0.036982625
0.30449686,-0.26133745,-0.08853827
0.0026775837,-0.13714749,-0.13536844
0.4400612,-0.10151798,0.029832489
0.22375422,-0.16868888,-0.051002037
0.21601379,-0.11192653,-0.21135085
0.6078179,-0.036963163,-0.13076356
0.54135526,-0.11724134,-0.26953659
0.40215433,-0.14904128,-0.10280057
0.22570479,-0.17517274,-0.073067723
0.65655289,-0.057809543,-0.21865017
0.29046888,-0.1151349,-0.093641052
0.14140158,-0.16215779,-0.30704293
0.13457568,-0.18397867,0.2992184
0.60632875,-0.10510198,-0.56343552
0.40283283,-0.17648434,-0.13813433
0.15099209,-0.097327134,-0.077312521
0.4709827,-0.22337471,-0.1384818
0.27700281,-0.14634044,-0.12340038
0.22598753,-0.19568362,-0.063815129
0.53167372,0.0463376,0.010653619
0.58123367,0.019458967,0.00083327774
-0.079856883,-0.22191013,-0.12286707
0.17452948,-0.18783088,0.18693283
0.20119832,-0.177959,0.1830078
0.41053731,-0.073509065,-0.3458123
0.47042226,0.00030828899,-0.33145399
0.35440834,-0.13414845,-0.065134908
0.23602077,-0.17709456,-0.17575055
0.29938758,-0.15287727,-0.18502856
0.40648989,-0.16393504,-0.022680663
0.56541174,-0.093157743,-0.13265199
0.55293945,-0.097195303,-0.31804928
0.76655021,-0.10874557,-0.11266228
0.56611399,-0.13254722,-0.18926363
0.10465696,-0.26006422,-0.10650786
0.37712256,-0.1222908,-0.031885419
0.59052553,-0.1961833,-0.11389402
0.45697807,-0.28502836,-0.17173961
0.4006526,-0.13734125,-0.018851013
0.39554045,-0.086692978,0.046228196
0.33900024,-0.14476935,-0.28598486
0.68531409,-0.11006021,-0.19310714
0.62741827,-0.18592534,-0.2609766
0.57244151,-0.088845064,0.14453907
0.31938078,-0.16781929,-0.31786112
0.33724086,-0.14134329,-0.078407611
0.35663967,-0.1071244,-0.15079523
0.51900056,-0.1552224,-0.014646554
0.62914477,-0.092605435,-0.09539699
0.47810754,-0.21203466,-0.27047434
0.33934451,-0.12204024,0.034860582
0.20939999,-0.22521348,-0.22248494
0.12591946,-0.2543644,-0.006344571
0.02505983,-0.28452626,-0.083455251
0.70220529,-0.046968335,-0.17861369
0.46158327,-0.28308317,0.01632292
0.29215089,-0.20523034,0.061104138
0.3217161,-0.030585544,-0.16303366
0.11198045,-0.29806193,-0.027848749
0.14341312,-0.3152021,0.03509396
0.33743379,-0.063358584,-0.30989286
0.7153817,-0.13433518,-0.038583999
0.28184539,-0.087443496,-0.28445564
0.20952776,-0.067166864,-0.24791887
0.26016848,-0.13414225,-0.14509135
0.16724792,-0.060766766,-0.24293623
0.1858328,-0.25370914,0.12614097
0.48517684,-0.098637206,-0.22772405
0.43801488,-0.14379834,0.057492299
0.68831753,-0.13833694,0.041312724
0.52979995,-0.12291002,-0.26914566
0.041869038,-0.19032266,0.055258892
0.58030786,-0.10788934,0.11014594
0.53410264,-0.11197158,-0.14044592
0.35777799,-0.10885988,-0.30077554
0.43666238,-0.13584532,0.061454007
0.47694697,-0.16700411,-0.096612318
0.495822,-0.045486922,-0.11084339
0.42387714,-0.22017632,-0.1994848
0.62443154,-0.070292287,0.027194741
0.56339792,-0.14496079,-0.18991709
0.50426306,-0.15353189,-0.1790206
0.35294033,-0.1140746,-0.041485717
0.63472774,-0.10098661,-0.26241966
0.071655619,-0.18275574,-0.041702668
0.24591794,-0.19386926,0.047890199
0.34730031,-0.085856271,-0.0012766758
0.32385393,-0.10181019,-0.050820436
0.2435937,-0.10677513,-0.11394958
0.12724368,-0.13197497,-0.1081632
0.37328392,-0.24214943,-0.1504129
0.45345434,-0.16807539,0.10240049
0.65337967,-0.19409641,-0.091174443
0.43237645,-0.11861096,-0.14355067
0.12528495,-0.23513714,-0.12994583
0.3032723,-0.19883161,0.02263859
0.33116106,-0.016917694,-0.18612388
0.47165942,0.017338169,-0.17444432
0.47388896,-0.25045848,-0.092529055
0.44038453,-0.0738345,-0.19186964
0.40486131,-0.15378966,-0.14947225
0.12244477,-0.22651356,-0.35038104
0.43418506,-0.15712811,0.32779221
0.4536046,-0.097158702,-0.22069181
0.40325825,-0.20366275,-0.0065705299
0.73991086,-0.058838373,-0.43176031
0.5156423,-0.085780169,-0.32760939
0.42690858,-0.019692682,-0.18769677
0.39843615,-0.10575812,-0.12119934
0.4510927,-0.15650891,0.06582977
0.47267712,-0.17516507,-0.064201733
0.41449097,-0.15704631,-0.1048669
0.29100077,-0.22020388,-0.23992302
0.33358607,-0.17544053,-0.15358657
0.48778567,-0.091061658,-0.11098502
0.42345355,-0.22278053,0.007115226
0.28879833,-0.12699538,-0.25093502
0.1931459,-0.21320125,-0.099275444
0.59005641,-0.017881416,-0.24037817
0.56786817,-0.014131466,-0.13115619
0.58554555,0.036270536,-0.09561945
0.39494966,-0.097422484,-0.16316902
0.52673253,-0.24191115,-0.095704633
0.42140028,-0.14919597,-0.091687843
0.39906525,-0.27597055,-0.030093345
0.3274659,-0.12542697,-0.17666984
0.42166388,-0.17589391,0.096036943
0.57877758,-0.095579048,0.050314139
0.57131883,-0.12780218,0.028882873
0.55945883,-0.096929726,-0.23879643
0.61773303,-0.043933183,-0.24038001
0.40405662,-0.11680763,-0.037214103
0.59601499,-0.15419791,-0.22010513
0.29542977,-0.21290862,-0.14456354
0.57017211,0.0713208,0.0091593083
0.45429032,0.033431291,-0.30830599
0.36151099,-0.19945148,-0.18196302
0.2153421,-0.14078231,-0.045183411
0.25277112,-0.249486,-0.094378419
0.19783519,-0.25157053,-0.17173497
0.386663,-0.10496697,0.0058147494
0.5198012,-0.041764746,-0.0090530057
0.45050876,-0.20785028,-0.16560431
0.34925174,-0.19030905,-0.26090468
0.606963,-0.13487216,-0.17062176
0.48358709,-0.12738787,-0.17116115
0.60866198,-0.13731503,-0.2163097
0.6623853,-0.057690244,-0.15823807
0.46474229,-0.10226719,-0.10551518
0.3324768,-0.11786937,-0.020332027
0.39798367,-0.1675809,-0.24998946
0.2481753,-0.13147553,0.022286064
0.58680379,-0.16278352,-0.097076277
0.45757709,-0.20574182,-0.11224031
0.056689661,-0.21178365,-0.18323841
0.48102255,-0.078824778,-0.074103233
0.13639799,-0.22243232,-0.19666221
0.047296547,-0.2734689,-0.0064775337
0.1044968,-0.10975868,0.081571403
0.44651678,-0.21538605,-0.25752698
0.15959105,-0.11965139,-0.17179215
0.56888124,-0.097724992,-0.092217894
0.56149888,-0.092731531,-0.25935022
0.25526197,-0.1336224,0.048047259
0.44420571,-0.26095964,-0.21672992
0.31578558,-0.12508066,0.00013151761
0.21176493,-0.27872431,-0.23297057
0.30601812,-0.19834251,-0.099051219
0.49604883,-0.13558444,0.1733684
0.52203397,-0.11403873,-0.26027273
0.45859605,-0.11083746,-0.18011489
0.28105461,-0.1824873,-0.091477819
0.53992327,-0.053011036,-0.3227689
0.54286042,-0.077044027,-0.085449831
0.47918737,-0.11304616,-0.15716123
0.28313254,-0.2572022,-0.16055002
0.34668264,-0.20509998,-0.088713867
0.44467812,-0.089384629,-0.24830468
0.42677299,-0.13006817,-0.04698864
0.20919606,-0.16952574,-0.052830239
0.274533,-0.24806752,-0.18412763
0.28530222,-0.13017443,-0.0048604248
0.74777148,-0.02338146,-0.169629
0.18805448,-0.27006957,-0.13911589
0.33705397,-0.1388779,0.021348648
0.29707896,-0.10193165,-0.31846895
0.4514904,-0.089494774,-0.18857091
0.47502712,-0.12828796,-0.080127847
0.19636895,-0.10038884,-0.16668174
0.26749088,-0.23834138,-0.048139682
0.58039408,-0.11132145,-0.13564755
0.42821685,-0.12358999,-0.042103148
0.50747395,-0.14780212,0.021284676
0.44194586,-0.078438625,-0.25214525
0.3836131,-0.12611461,-0.44890782
0.20063639,-0.19482291,-0.27195855
0.64604085,-0.13785424,-0.046767812
0.3096093,-0.12852686,-0.13200353
0.63652621,-0.11868599,-0.18131031
0.41215793,-0.10629368,-0.12862992
0.54029751,-0.1673615,-0.29491236
0.37908311,-0.22058131,-0.033951275
0.20978765,-0.2141692,-0.11593203
0.53301234,-0.11930238,-0.0564197
0.35678602,-0.14209773,-0.041324692
0.30043093,-0.13818542,-0.054295815
0.024833025,-0.21982224,0.09994908
0.03013673,-0.21639882,0.095845691
0.28161206,-0.19471382,-0.1906408
0.31560638,-0.16946091,-0.17438919
0.29397593,-0.23657505,-0.20119375
0.59800959,-0.060780427,-0.20664021
0.45322082,-0.13162865,-0.15546389
0.38823981,-0.13981558,-0.22308563
0.2659472,-0.12948616,-0.17055918
0.43601324,-0.12908926,-0.15847115
0.35097765,-0.25801103,-0.16707759
0.3375369,-0.16659145,-0.11301944
0.24438902,-0.081904594,-0.085735261
0.19082496,-0.021391297,-0.26193807
0.12568991,-0.15276773,-0.10514348
0.042456401,-0.23818149,-0.26534285
0.08602926,-0.13044108,-4.7253698e-05
0.43417498,-0.17882319,-0.19877656
0.22847681,-0.2741613,-0.051685522
0.20205228,-0.13283843,-0.05766154
0.43467817,-0.12897242,-0.15671986
0.41881199,-0.1158302,-0.16519572
0.85458739,-0.032911037,-0.30157167
0.55543645,-0.20466079,-0.089401639
0.42551079,-0.065454497,-0.13809579
0.25164391,-0.22665985,-0.34970971
0.15670563,-0.27251587,-0.35501129
0.48369404,-0.12492967,-0.46651044
0.24656197,-0.19790723,0.0033918478
0.37327104,-0.12791775,-0.18343042
0.43174214,-0.17831595,0.10513464
0.44243476,-0.11505495,-0.1554977
0.37094972,-0.1562734,-0.033949278
0.4725835,-0.1275337,-0.18348542
0.37613895,-0.16328502,-0.14070586
0.48191965,-0.13075053,-0.21568577
0.32030745,-0.12641868,-0.19776057
0.42621104,-0.055036954,-0.13939759
0.39996638,-0.11136521,-0.068625721
0.41739027,-0.11272298,-0.38790833
0.47838051,-0.06681201,-0.18904602
0.40188569,-0.018168022,-0.24768774
0.54084669,-0.099914532,-0.2763668
0.23996122,-0.15216016,-0.12348333
0.54556975,-0.18973746,-0.1038416
0.64958427,-0.19987542,-0.10272436
0.77883863,-0.13685612,-0.14608467
0.49038309,-0.13285869,-0.3394155
0.77253954,-0.092954203,0.082893397
0.64768924,-0.066580274,-0.18289754
0.71215054,-0.14394045,-0.05007804
0.48926443,-0.1933318,-0.068401952
0.4755876,-0.1827479,-0.16059408
0.47958764,-0.076472424,-0.092069943
0.43945037,-0.053402833,-0.030820188
0.22127505,-0.20289864,-0.16344187
0.43651759,-0.14930118,-0.15851643
0.368025,-0.076507029,-0.0077125242
0.37020396,-0.11157277,-0.029264804
0.24522453,-0.12977812,-0.012693822
0.49626845,-0.099880807,0.054028366
0.26628555,-0.1300753,-0.36288939
0.56367012,-0.088071651,-0.19121055
0.41645394,-0.18625484,-0.1867501
0.31701771,-0.13819021,-0.23640857
0.72392981,-0.091489052,-0.031411875
0.56149141,-0.10125848,-0.27980467
0.2900818,-0.1375593,0.05339052
0.57838257,-0.1063104,-0.20148288
0.40445051,-0.15898575,-0.0026000011
0.54017078,-0.13894764,-0.091760272
0.32119346,-0.16104035,0.098802362
0.078748326,-0.22150989,-0.11762268
0.043693688,-0.17034492,-0.083001017
0.30572837,-0.21713319,0.061950217
0.48162906,-0.11771314,0.16217522
0.55603225,-0.15490256,0.08097352
0.36525101,-0.17649603,0.13118255
0.40341986,-0.12905289,-0.41437649
0.35266248,-0.13513092,-0.18132116
0.34429501,-0.16674862,-0.2893371
0.18741163,-0.16919234,-0.07362615
0.62974889,-0.018580401,-0.18358843
0.66142622,-0.16571315,-0.24874994
0.49543518,-0.11292119,0.01378761
0.37884556,-0.084731027,0.0032601118
0.69571384,-0.083243836,-0.26002918
0.21842477,-0.19604043,-0.22378306
0.13490686,-0.25123054,-0.24200105
-0.051352379,-0.1901711,-0.25754394
0.73068085,-0.084902231,-0.0067338183
0.61712859,-0.072304846,-0.17422165
0.51319075,-0.14424394,-0.028275068
0.6014019,-0.063630114,-0.28066598
0.70268613,-0.12601053,-0.27719425
0.66460118,-0.14091156,-0.37806087
0.59618486,-0.1426665,-0.19067592
0.3726771,-0.18326451,-0.23374882
0.2940957,-0.088615833,0.0010582897
-0.098351186,-0.30387668,0.13102635
0.11922197,-0.19120725,-0.28656732
0.10811755,-0.13515001,0.12157084
0.083049501,-0.29368068,-0.089802387
0.084779554,-0.19299708,-0.15512464
0.23379892,-0.12222144,0.19745576
0.3967871,-0.16703356,-0.12293682
0.26504718,-0.17033247,-0.20605365
0.38169145,-0.10445497,0.020295216
-0.0024631404,-0.14056562,-0.22605968
0.65362727,-0.17133125,0.029781183
0.58566866,-0.23856085,0.12287024
0.54171447,-0.096341647,-0.31720987
0.55656078,-0.086732893,-0.29531648
0.50562033,-0.073375324,-0.27940913
0.30900919,-0.2492905,0.021945061
0.30758933,-0.17285804,0.041127658
0.82781986,0.036662582,-0.20848676
0.61243983,-0.22977213,0.14700524
0.24176568,-0.076387508,-0.25039423
0.013386124,-0.21045179,-0.025988795
0.49480563,-0.18450308,0.010632197
0.2814152,-0.18569423,0.024551422
0.65489761,-0.083465977,-0.11002899
0.69324698,-0.091673951,-0.12872797
0.50365394,-0.17765901,-0.14167826
0.26696677,-0.17134548,0.0016155157
0.43086427,-0.14143089,-0.16094909
0.5359778,-0.11401327,-0.21087083
0.20658713,-0.20284134,-0.0080593741
0.22848645,-0.1378612,-0.16445145
0.3451621,-0.1098408,-0.12499774
0.2679781,-0.16379959,-0.1277422
0.2239003,-0.15260828,-0.087598646
0.30780917,-0.2242047,0.0022105638
0.15253853,-0.26293427,0.031309973
0.28106255,-0.20490335,-0.34055935
0.26861578,-0.16385959,0.10255166
0.400205,-0.22922467,-0.2902864
0.33968533,-0.23534239,-0.072492307
0.3232922,-0.23808985,-0.075003669
0.40775017,-0.12966053,0.020004156
0.48458067,-0.11235091,-0.26107259
0.3078046,-0.19806347,-0.02396679
0.47250081,-0.13597503,-0.24048163
0.49498852,-0.11785383,-0.18693037
0.34413171,-0.087879857,-0.25766787
0.33995123,-0.18249511,-0.16184182
0.34917534,-0.1269989,-0.41715277
0.5732279,-0.14756129,-0.22426265
0.15871232,-0.18978305,-0.22741386
0.14564588,-0.15732111,-0.14156985
0.42913282,-0.21138937,-0.11805818
0.32750096,-0.22507363,-0.030320561
0.7107912,-0.049051818,-0.16077064
0.74037663,-0.12772988,-0.29575017
0.51829592,-0.0880771,0.086106555
0.26672977,-0.21404667,-0.22194412
-0.035122456,-0.15531603,0.051258653
0.17308216,-0.14530901,-0.30802513
0.080320174,-0.18651013,0.04234318
0.39514758,-0.15182332,-0.092932907
0.64874853,-0.15590171,-0.16460697
0.70297753,-0.14886406,-0.22343109
0.70473147,-0.024368473,-0.11380279
0.51810526,-0.16392485,-0.22214331
0.50334205,-0.12088995,-0.021278958
0.50293365,-0.11097739,-0.11483568
0.40724694,-0.089636471,-0.060883192
0.085086396,-0.11431798,-0.051841409
0.19800961,-0.18604191,-0.030928529
0.56624175,-0.087637307,-0.21871675
0.65785478,-0.11082726,-0.19576156
0.037835624,-0.19035881,-0.11949852
0.27055545,-0.20853009,0.066761361
0.27726063,-0.21301086,0.12233337
0.38397196,-0.21815935,-0.044850992
0.54184876,-0.098505127,-0.12705301
0.048682727,-0.21994366,-0.071738648
0.19587983,-0.1761176,-0.05651367
0.19172928,-0.18133846,-0.025162889
0.28016238,-0.17228703,-0.12733298
0.25339854,-0.1500787,-0.048348655
0.41686503,-0.09621117,-0.072138203
0.39766752,-0.22319109,0.17266847
0.47261,-0.15084781,-0.12415484
0.5282484,-0.055619611,-0.026973962
0.52607111,-0.041863875,-0.074549231
0.14843198,-0.12515064,-0.21247615
0.076868988,-0.2578466,0.03154223
0.22846204,-0.22766049,0.096953671
0.13192063,-0.23216445,0.029855818
0.82066715,-0.13340588,-0.0067374637
0.46405169,-0.14620094,-0.11921493
0.33333897,-0.051535775,-0.060258331
0.32136777,-0.27452435,-0.15868987
0.62650513,-0.16078378,-0.076879887
0.54426638,-0.10184689,0.015429351
0.67781559,-0.040348539,0.0065557187
0.72445348,-0.077418227,0.099052613
0.60743529,-0.076070484,-0.57201507
0.28136194,-0.11806814,-0.17399826
0.25194509,-0.13985822,-0.13359455
0.65451007,-0.070485611,-0.17672602
0.61551912,-0.061329397,-0.19640992
0.57616475,-0.20804507,-0.076204241
0.36760852,-0.094977332,-0.27342962
0.27574054,-0.097326188,-0.077247472
0.51662751,-0.11956097,-0.29286929
0.52029674,-0.13443085,-0.15021452
0.33724436,-0.17617641,-0.26356929
0.44072,-0.1666724,0.053077283
0.37990649,-0.250992,-0.1205944
0.20770283,-0.20362294,-0.16448468
0.34783176,-0.16583667,-0.16067247
0.49949218,-0.15991081,0.030944743
0.35400237,-0.18361732,-0.13728407
0.28704308,-0.19680334,-0.1526514
0.26090863,-0.21867791,-0.023286939
0.40338164,-0.1557465,0.0039111153
0.44324046,-0.048732254,-0.11730768
0.38037157,-0.11165587,-0.14775126
0.43572739,-0.070257879,-0.19028947
0.1983641,-0.13475053,-0.025950748
0.044814367,-0.15360973,0.12608731
0.023803573,-0.213646,0.18871359
0.60928375,-0.20400869,-0.32245164
0.65733013,-0.11744905,-0.21774422
0.538539,-0.05136101,-0.22755975
0.71141862,-0.054630333,-0.10109662
0.37924479,-0.15778862,-0.13141135
0.45079083,-0.099213597,-0.010438525
0.50592459,-0.19975881,-0.22867346
0.37054279,-0.15880885,-0.11812742
0.38549776,-0.1572706,0.013594841
0.45185821,-0.077071254,-0.13106397
0.38730468,-0.18536612,-0.053504602
0.085322867,-0.16699229,-0.058199741
0.30236212,-0.1723373,-0.15867836
0.33201851,-0.14002277,0.0084967323
0.38388159,-0.2146167,-0.12483683
0.55531313,-0.11011067,-0.1659662
0.14303125,-0.29503307,0.14320992
0.25971737,-0.29915267,0.16069622
0.24578661,-0.22221348,-0.070421412
0.18617942,-0.31295283,0.13017155
0.48697269,-0.16906031,-0.24427002
0.55398834,-0.11682479,0.11710697
0.54112297,-0.11046242,0.027913325
0.29069696,-0.12586346,-0.23830128
0.46210186,-0.021872185,-0.011159919
0.506841,-0.017393151,-0.086015658
0.60988554,-0.035976848,-0.048803008
0.51269146,-0.1196182,0.1524617
0.41735311,-0.092039223,-0.21289185
0.35279163,-0.12297712,0.045721594
0.28837003,-0.22175758,-0.060988437
0.37194059,-0.10946272,-0.1510509
0.17369614,-0.07313889,-0.20721394
0.32296762,-0.21105129,-0.066124792
0.47117654,-0.069304638,-0.10365501
0.27673757,-0.1577445,-0.099477586
0.28413586,-0.16945879,-0.13752002
0.16848257,-0.17966135,-0.16962872
0.54853696,-0.14670848,-0.11306943
0.4861931,-0.14865207,-0.34827493
0.87511945,-0.064889183,-0.077942631
0.78077429,-0.15208876,-0.35183732
0.9864555,-0.033172331,-0.095768935
0.54302754,-0.14006424,-0.10749401
0.80861338,-0.097298218,-0.23264896
0.90780286,-0.10332402,-0.30212649
0.78121889,-0.11386436,-0.18943261
0.48163058,-0.18542184,-0.14194211
0.21149893,-0.21591706,0.048501717
0.3118983,-0.070296205,-0.053736812
0.36774943,-0.17936498,-0.2536884
0.61380894,-0.09071577,-0.025259453
0.19541898,-0.12750035,-0.23383213
0.36089714,-0.14557286,-0.13345675
0.41327293,-0.22521682,-0.20972966
0.43713584,-0.18764581,-0.090443192
0.28597704,-0.11201319,-0.099074928
0.63618813,-0.1460761,-0.13972452
0.19429185,-0.14617067,0.011311308
0.49074908,-0.18989594,-0.17470306
0.67039045,-0.058971324,-0.22152268
0.64086748,-0.12145236,-0.32866672
0.66178313,-0.057213046,0.0017358101
0.39727783,-0.1125096,0.033522793
0.56628245,-0.18041202,-0.36483036
0.72795977,-0.028168956,0.13015897
0.7844259,0.041298578,-0.1114523
0.23847601,-0.11546015,-0.381399
0.063411653,-0.13426509,-0.13556313
0.74758986,-0.084064697,-0.24816909
0.19156659,-0.2006915,0.00062154585
0.026624579,-0.1725039,0.079984668
0.13599187,-0.12543319,0.045462033
0.19271276,-0.13000172,-0.068306209
0.58964859,-0.10272846,-0.22644512
0.4475401,-0.060506045,-0.18982039
0.56819913,-0.17731833,0.039322743
0.60040199,-0.24561868,0.053987576
0.3586882,-0.093000441,-0.32608687
0.55027326,-0.14121122,-0.16398045
0.61240495,-0.13886312,-0.17341137
0.69664418,-0.08535444,-0.15872322
0.21112747,-0.27145605,-0.15571773
0.16544641,-0.32448785,0.12992678
0.415728,-0.069327046,-0.18747496
0.32576366,-0.15598609,0.041211122
0.46388886,-0.16186561,-0.18771499
0.6676533,-0.096309819,-0.18984968
0.39854685,-0.15338658,0.056234167
0.53262776,-0.12610587,-0.10449288
0.31475393,-0.13260808,0.041387502
0.15975011,-0.096283603,-0.014714515
0.44845455,-0.19553604,-0.24191188
0.51638906,-0.15552754,-0.10561154
0.28193664,-0.30665429,-0.23546061
0.45760816,-0.15273642,0.11573846
0.39144936,-0.095620319,-0.053046147
0.33207027,-0.13635763,-0.1154287
0.085203254,-0.11708163,-0.24061228
0.46192994,-0.16509148,-0.046876747
0.40057075,-0.28050274,0.021337355
0.81260268,-0.025324808,-0.28280684
0.71961571,-0.20800983,-0.041921387
0.48675159,-0.058454129,-0.017382651
0.34036226,-0.20441158,0.10617631
0.11507338,-0.23301194,0.10895457
0.1641598,-0.15657604,-0.29246601
0.4102296,-0.091744336,-0.051511559
0.27513832,-0.19060377,-0.16025777
0.29993009,-0.2167961,-0.12160061
0.26509385,-0.17743735,0.039144944
0.44643881,-0.10756155,-0.046252414
0.62386498,-0.21130725,-0.044784553
0.59951791,-0.13181503,-0.07894654
0.56973422,-0.055406519,-0.17902603
0.31456202,-0.14690026,-0.1113195
0.27334223,-0.20399521,-0.061391481
0.22073632,-0.15426962,-0.066909673
0.16869938,-0.22647204,-0.01541306
0.036665715,-0.23647634,0.078349263
0.71498622,-0.0017531211,-0.29102903
0.48712373,-0.064696309,-0.075407869
0.49560329,-0.057877356,-0.26284671
0.34952746,-0.11513343,-0.084755419
0.35831695,-0.17112384,-0.21180865
0.56310315,-0.072669358,-0.22091549
0.87055578,-0.13955273,-0.11101385
0.8836006,-0.043325028,-0.083333839
0.6947027,-0.061134789,0.04573497
0.20196618,-0.10229834,-0.2090761
0.34404504,-0.081108672,-0.2658966
0.3837298,-0.20209454,-0.10445768
0.52984581,-0.14061154,-0.17734382
0.56154222,-0.148679,-0.17939589
0.14623716,-0.27040702,-0.12538764
0.59150603,-0.044236694,-0.016311583
0.19929973,-0.20846766,-0.29006744
0.46347968,-0.038199578,-0.052690362
0.60436695,-0.084142799,-0.083829025
0.68097392,-0.13949592,-0.22321976
0.3268466,-0.19795701,0.04076055
0.36948978,-0.20327571,0.02485255
0.44366486,-0.055163964,-0.085214221
0.39868632,-0.14014619,-0.21094198
0.46515207,-0.1860286,-0.20614874
0.36028368,-0.15692396,-0.26640046
0.33534184,-0.12756755,-0.24349305
0.23622137,-0.20273398,-0.35628053
0.19185942,-0.2255636,-0.18598389
0.2444196,-0.19743658,0.006181916
0.32309605,-0.18490399,0.066822333
0.3384995,-0.1521282,0.08550568
0.12402312,-0.20312912,0.11172488
0.30480368,-0.24805502,0.1079969
0.70219726,0.0099491979,-0.44651826
0.50002096,-0.061189696,-0.19242321
0.47671689,-0.10669079,-0.098368672
0.61063526,-0.15924714,-0.14652316
0.44309186,-0.11347958,-0.038082519
0.4513157,-0.19084723,-0.20448676
0.25450322,-0.20928531,0.01361486
0.54141924,-0.17371564,-0.071650739
0.49808811,-0.019008315,-0.094936983
0.58434338,-0.078126091,0.048732373
0.41125243,-0.19208625,0.097451805
0.34095338,-0.094644778,-0.20234798
0.37163032,-0.11488371,-0.16692769
0.24473871,-0.13779946,-0.10057812
0.55100356,0.018804106,-0.11651719
0.69132889,-0.065190795,-0.15442165
0.973445,0.08284669,-0.50867845
1.0481192,-0.077978402,-0.25865278
0.52144184,-0.17657447,-0.10235992
0.50975614,-0.22433524,-0.20721702
0.1402396,-0.19348548,0.050069117
0.069625125,-0.22711691,0.031491944
0.20715173,-0.14375689,-0.041762064
0.51177421,-0.04296109,-0.21279434
0.56149513,-0.1104864,-0.10797084
0.63932434,-0.05316782,-0.092852743
0.61027389,-0.090742813,-0.10161133
0.61447619,-0.068274136,-0.19661703
0.4403976,-0.10856626,0.018755849
-0.0076673176,-0.21402527,0.015940522
0.46718941,-0.13537422,-0.24740185
0.28217321,-0.17599125,-0.04412023
0.21117116,-0.24885337,0.077234266
0.52578739,-0.22071314,0.1289232
0.59255735,-0.12405261,-0.12082524
0.15689489,-0.14218786,-0.068176882
0.29550216,-0.31735307,-0.28680498
0.30038272,-0.099999081,-0.0953174
0.53495552,-0.20148398,-0.14826727
0.18502851,-0.15608027,-0.12655571
0.2107172,-0.26485634,-0.010121047
0.088542866,-0.24553245,0.10766198
0.15107019,-0.12850079,-0.11726824
0.14400963,-0.22537375,-0.19345544
0.2834362,-0.12346982,-0.16746073
0.30135302,-0.1982084,-0.16180552
0.23373057,-0.12714963,-0.11919403
0.42762437,-0.16718679,-0.32785466
0.51540364,-0.13853042,-0.014884364
0.60573766,-0.10987044,-0.23903112
0.5378119,-0.0071976959,0.0051515953
0.5481221,-0.16163224,-0.25186769
0.40875966,-0.10101638,-0.10397787
0.3480068,-0.18161163,-0.17130915
0.15257316,-0.15359971,-0.072029798
0.31999465,-0.20554537,-0.021284035
0.3717056,-0.082811082,-0.14065613
0.47341852,-0.11581938,-0.23371447
0.48869669,-0.11031604,-0.13566965
0.53079535,-0.081001583,-0.13223487
0.38551179,-0.12328909,-0.19576976
0.70533596,-0.075096113,-0.22270639
0.40385465,-0.2017977,-0.084248891
0.45564575,-0.17769237,-0.038920378
0.48625785,-0.072110004,0.023230761
-0.046233142,-0.33124618,-0.088580294
-0.074433963,-0.1553304,0.080492688
0.29617875,-0.17344079,-0.22921008
0.51776935,-0.21000456,0.010165376
0.79371443,-0.13493864,0.149801
0.63006124,-0.13752713,0.0076119666
0.49672872,-0.1415962,-0.19576062
0.37418892,-0.11588497,-0.16133056
0.372025,-0.12217901,-0.1476494
0.5110826,-0.12224148,-0.11771712
0.56636375,-0.13655556,-0.21777855
0.31231867,-0.15196268,-0.053083489
0.36798023,-0.13938031,0.052793693
0.3542238,-0.28677891,-0.22597547
0.33780583,-0.1900601,-0.041237392
0.64041767,-0.087259717,-0.20131822
0.49074634,-0.17899484,-0.48966591
0.4855366,-0.082579176,0.18733651
0.50116826,-0.071603741,0.1271437
0.68193728,-0.059222987,0.21689498
0.5791941,0.073708645,-0.13138116
0.2820751,-0.15887797,-0.18727921
0.25139056,-0.19222288,0.0051725101
0.32277855,-0.18845255,-0.23387088
0.27667276,-0.22652494,0.15010091
0.28598595,-0.17165829,0.074883301
0.24320818,-0.27474658,-0.18717991
0.71548476,-0.025986277,-0.14790547
0.67092715,-0.11902338,-0.3138938
0.73878607,-0.13219098,-0.31029369
0.73262054,-0.14024688,-0.32010986
0.74504749,-0.12848502,-0.11257734
0.83180853,-0.14406911,-0.20331005
0.63966587,-0.20589202,0.016213497
0.69611227,-0.17276626,0.04658672
0.36716469,-0.13378159,-0.20096693
-0.0069380614,-0.28373889,-0.10318603
0.1784948,-0.13722535,-0.12166111
0.50549559,-0.17543834,-0.22441322
0.35038833,-0.14938711,-0.063957437
0.55319287,-0.22265569,-0.12855009
0.58651982,-0.097882205,-0.037978493
0.46259896,-0.18762673,-0.18217345
0.44260118,-0.13570709,-0.25722794
0.38907798,-0.10860738,-0.041022322
0.16043347,-0.16717037,0.022948371
0.64017453,0.0044859368,-0.47890156
0.38193398,-0.29127342,0.19432542
0.36443804,-0.12607225,0.033916428
0.4827163,-0.19860425,-0.010824188
0.67097553,-0.19776708,-0.053005706
0.61014957,-0.14002446,-0.15570295
0.66302453,-0.13911882,-0.038448113
0.40709622,-0.26467864,-0.19182259
0.50778062,-0.16395158,0.008807853
0.56276793,-0.15015173,-0.21452867
0.21559527,-0.15653823,0.15775337
0.13863589,-0.14671834,-0.15748667
0.31445143,-0.14076301,0.038347904
0.12025108,-0.14746861,-0.11322012
0.41819148,-0.04739097,-0.14518054
0.65169605,-0.20401426,-0.24445999
0.41004974,-0.12114989,-0.28490803
0.47748867,-0.24333035,-0.22179797
0.41407852,-0.10987379,-0.14390759
0.41539996,-0.14571414,-0.23410166
0.44849453,-0.15896067,-0.15264812
0.69426845,-0.036746536,-0.15275525
0.77760116,-0.011371366,-0.21396779
0.82507333,-0.01995838,-0.21565221
0.45404252,-0.25429947,0.032614755
0.1500979,-0.12456302,-0.092570407
0.34950432,-0.24635008,0.045742375
0.17505781,-0.16375547,-0.08617308
0.35905688,-0.13297084,-0.022363844
0.59432626,-0.072158407,0.00018824755
0.44426249,0.026014232,-0.18501071
0.23942377,-0.07688444,-0.21634727
0.20440112,-0.14664018,-0.14233121
0.30136819,-0.17105663,-0.15875995
0.29097175,-0.11789147,-0.15591762
0.24784492,-0.15829774,-0.15111627
0.17403524,-0.19832965,-0.017201603
0.55448763,-0.054746718,-0.38538741
0.42977205,-0.12656774,-0.20400788
0.3199018,-0.25062608,-0.24035442
0.49460878,-0.14935665,-0.019650006
0.58834356,-0.052836226,-0.26419385
-0.10433502,-0.22265669,0.075704301
-0.082678655,-0.29430339,-0.19233457
-0.037279264,-0.20250194,-0.13281568
0.25926783,-0.17379594,-0.19769197
0.51871134,-0.12251423,-0.13573846
0.57000697,-0.17126804,-0.23044717
0.51864674,-0.16145931,-0.23962284
0.46922377,-0.10496672,-0.089856539
0.48052292,-0.21742775,-0.17159261
0.27509483,-0.17473913,-0.18865628
0.44256973,-0.12892635,-0.43441537
0.33472141,-0.068424441,-0.47598057
0.48733414,-0.061735957,-0.041526291
0.36901607,-0.17563829,-0.18666079
0.27708072,-0.25326695,-0.096445166
0.49920868,-0.071567908,-0.18808738
0.54484259,-0.044218717,-0.16811268
0.33891828,0.0024927316,-0.2371796
0.4377605,-0.15495364,-0.11088802
0.22912942,-0.26262627,-0.094027964
0.16394325,-0.23696264,0.036791098
0.27666014,-0.17473685,0.011443108
0.41813276,-0.16871392,-0.24579507
0.059662503,-0.24674827,-0.23892718
0.14134205,-0.20300045,-0.24154609
0.19917062,-0.19190112,-0.29844144
0.27226602,-0.16381047,-0.11118372
0.22418705,-0.25053264,-0.10014348
0.36725922,-0.13206138,-0.220544
0.45018414,-0.14523811,-0.18480196
0.34846199,-0.10259058,-0.069483738
0.53575049,-0.079034244,-0.21872226
0.2901253,-0.14763031,-0.15176123
0.52313008,-0.04070724,-0.19085593
0.33691494,-0.20078862,-0.35176281
0.46641843,-0.18428064,-0.26436712
0.6374536,-0.067762863,-0.26738943
0.45086242,-0.13858461,-0.12034902
0.56209689,-0.0062030214,-0.099439043
0.64839726,-0.1483401,-0.099816076
0.45363653,-0.11800877,-0.061774722
0.45717984,-0.18696992,-0.16804148
0.32721701,-0.13857567,-0.32007053
0.073862116,-0.20746949,0.17607689
0.3741515,-0.098171967,-0.26620447
0.30587774,-0.23242644,0.12079173
0.062252039,-0.33539675,0.03048707
0.086676721,-0.31875589,0.078577964
0.07701014,-0.37067838,-0.12332999
0.29324902,-0.22448857,0.058976069
0.2413735,-0.082482273,-0.20871596
0.37432284,-0.13103761,-0.062902674
0.12011927,-0.16451237,-0.064752826
0.3323224,-0.19648523,-0.10829809
0.31071145,-0.13364721,-0.11402914
0.56689319,-0.1370651,-0.31175238
0.28440205,-0.049752527,-0.015033203
0.16351502,-0.20840593,0.0012877973
0.43690022,-0.09947323,-0.22483278
0.39072304,-0.15554371,0.041353422
0.57177526,-0.0085540908,-0.16105046
0.49279701,-0.10365128,0.0016153289
0.3720918,-0.057013229,-0.17252972
0.31345547,-0.22267328,-0.087280285
0.17548699,-0.18030378,-0.16567076
0.55550145,-0.057738639,-0.19052828
0.36840342,-0.10755337,-0.0036999716
0.37757983,-0.12521888,-0.11036403
0.58998669,-0.10383378,-0.12676799
0.38347603,-0.13984657,0.1114983
0.35327324,-0.19061469,0.037419259
0.49684829,-0.12070113,-0.0026792468
0.52739748,-0.11285523,-0.085759357
0.12305547,-0.21825004,-0.10502741
0.54623262,-0.025283294,-0.098875811
0.44539122,-0.11702769,-0.23116988
0.4214088,-0.11814332,0.022013455
0.29752034,-0.10577922,-0.28535704
0.30444184,-0.19487029,-0.035818408
-0.11471142,-0.31578324,-0.029002532
-0.061606798,-0.28013657,0.027589337
0.55000077,-0.15112104,-0.11562302
0.44829161,-0.066661204,-0.11840022
0.53351468,-0.14882287,-0.15217933
0.50038112,-0.10573973,0.079041151
0.65810648,-0.045238498,-0.28973188
0.41319252,-0.19915954,0.085310183
0.63908779,-0.063380712,-0.18680254
0.58203915,-0.14219337,0.0055370341
0.68160123,-0.09237596,-0.19346519
0.40393347,-0.22038088,-0.13361398
0.25035357,-0.076611973,-0.0003912323
0.40095975,-0.13707981,-0.22587926
0.48581544,0.036441597,-0.13578934
0.28776047,-0.28818381,-0.23220102
0.32788931,-0.16823033,0.0017346712
0.55728401,-0.047813706,-0.13414606
0.59098538,-0.12129558,-0.05622471
0.5461177,-0.17673689,-0.23378695
0.46834552,-0.082525713,-0.13183206
0.20803471,-0.10348332,-0.14932107
0.34659051,-0.086218746,-0.15588643
0.20345079,-0.15192454,0.040817653
0.4244766,-0.053164722,-0.26467858
0.59290708,-0.14774859,-0.057453206
0.65344158,-0.12212983,0.025774969
0.53701201,-0.11403502,-0.18784557
0.24978767,-0.11598905,-0.068003359
0.27389824,-0.12718606,-0.11591495
-0.16220458,-0.20903444,-0.086640853
-0.081400496,-0.24135972,-0.0053899306
0.014704636,-0.22134193,-0.1958652
0.6264831,-0.17137627,0.12194499
0.3977357,-0.20090725,-0.13698207
0.43435971,-0.02217531,-0.21627081
0.58162899,-0.093552759,-0.30736457
0.60884534,-0.17421341,-0.16841817
0.31971403,-0.1175005,-0.018087587
0.1663213,-0.19824833,-0.16177598
0.22025484,-0.22910116,0.085613665
0.14232223,-0.16067857,-0.023605774
0.33918349,-0.12282491,0.019447882
0.29908537,-0.19638138,0.21541018
0.27455831,-0.17099342,-0.26792519
0.066205494,-0.2480763,-0.12720736
0.560567,-0.11991479,-0.33341726
0.1228493,-0.18189019,0.10091329
0.25271387,-0.13643843,-0.20647078
0.24168309,-0.069253778,-0.12858038
0.33963035,-0.15802017,-0.14695495
0.34360019,-0.23370449,-0.037871285
0.34553743,-0.16047208,-0.077579386
0.17610013,-0.12666775,-0.23377631
0.065290894,-0.099980194,0.021760556
0.054130734,-0.1369989,0.053262605
0.026296277,-0.14195118,-0.1390504
0.14958455,-0.1282338,-0.086185393
0.21005731,-0.20036797,-0.10174887
0.37225901,-0.22371883,-0.033447318
0.3392197,-0.22100139,0.1972325
0.22799467,-0.23529644,0.069572088
0.1034597,-0.16538064,-0.10798439
0.26527383,-0.12947609,-0.086866612
0.27922778,-0.11921326,0.07016506
0.40182688,-0.17221693,-0.14490881
0.19053487,-0.16592199,-0.12945639
0.45275901,-0.1084782,-0.0081422019
0.36572835,-0.15543112,-0.13635305
0.4881983,-0.10689585,-0.2427815
0.37084342,-0.11968855,0.024140494
0.28588582,-0.11933846,-0.22265294
0.18118246,-0.18799955,-0.13137597
0.21487308,-0.19332646,-0.1671463
0.45544573,-0.10255897,-0.053264407
0.31881851,-0.19872557,-0.014877697
0.49860584,-0.12371285,-0.18142424
0.41024863,-0.25789453,-0.11468541
0.32573242,-0.27846325,-0.058294816
0.3519077,-0.21174713,0.035188479
0.22843129,-0.24212865,-0.093088984
0.54179873,-0.09433967,-0.066249607
0.47517825,-0.21227545,0.044493102
0.1621783,-0.1876948,-0.11712882
0.41300894,-0.14581473,-0.052313398
0.79329352,-0.12653552,-0.03181817
0.67650432,-0.11674906,-0.06706476
0.2787576,-0.12868583,-0.22562738
0.22675011,-0.09683698,-0.24455631
0.25353992,-0.09432645,-0.0060545018
0.6195633,-0.1051513,-0.16216468
0.5205768,-0.12244591,-0.084389877
0.30126666,-0.16641346,-0.23212401
0.3036418,-0.21291277,-0.14165477
0.59249937,-0.16642708,-0.085048766
0.055537712,-0.089079746,-0.12111073
-0.030365469,-0.21948596,-0.15002868
-0.010717661,-0.19661917,-0.17750253
0.31403931,-0.16587828,0.046813795
0.27389756,-0.10687237,-0.19538618
0.20059177,-0.16345603,-0.13713378
0.21833495,-0.1779222,-0.0039648464
0.17883864,-0.20016207,0.063645655
0.44666377,-0.050795209,-0.10192661
0.45352908,-0.10757833,-0.068022933
0.51987586,-0.23318229,-0.33045448
0.51151651,-0.13425632,-0.43589836
0.577648,-0.16960933,-0.38037362
0.56996297,-0.19890459,-0.053921646
0.34617231,-0.20717818,-0.15234394
0.47347159,-0.070239464,-0.10752608
0.53115358,-0.017447948,-0.062211168
0.4759679,-0.087254927,-0.043670461
0.44686105,-0.24345323,-0.068902417
0.34633911,-0.1284775,-0.030819313
0.46689876,-0.21938167,-0.21813388
0.40989516,-0.11868119,-0.22566183
0.072195264,-0.19084085,0.041515944
0.34294165,-0.2828026,-0.0052180303
0.33702979,-0.17071883,0.25890236
0.34438522,-0.10370477,0.15383673
0.26594255,-0.19478549,-0.2286612
0.40883757,-0.14709292,-0.15260782
0.18033684,-0.23843202,0.17151379
0.49800875,-0.14338325,-0.068231817
0.2944126,-0.11075003,-0.19418382
0.31846712,-0.26531039,0.057877214
0.32295268,-0.080275155,-0.19593379
0.42420767,-0.07963982,0.1584689
0.46940828,-0.1553334,-0.17514913
0.37567698,-0.17331343,-0.09221405
0.80317412,0.013016917,-0.042383162
0.18966386,-0.16993344,-0.51394698
0.42769973,-0.12736609,-0.28319286
0.29957884,-0.13980924,-0.042528975
0.40498782,-0.13242773,-0.06930627
0.56519877,-0.15611063,-0.24866899
0.20613024,-0.22409497,0.071137544
0.21674611,-0.14454242,-0.066813223
0.27230635,-0.090796448,0.035723655
0.16624772,-0.24463054,-0.10796455
0.47573261,-0.056259903,-0.23630621
0.41118675,-0.070667725,-0.085275388
0.50852594,-0.21013893,-0.1822017
0.56324543,-0.010895774,-0.13516548
0.65195324,-0.067589611,-0.27419589
0.53004886,-0.19804182,0.012591006
0.42288148,-0.17937538,-0.15029216
0.47178838,-0.092047211,-0.20380269
0.60315623,-0.10344187,-0.17052881
0.33128695,-0.14964516,-0.13896349
0.20622061,-0.20233338,-0.073305225
0.30681509,-0.25088019,-0.053643796
0.50457335,-0.25156638,-0.057201984
0.33622792,-0.24724006,-0.22627061
0.50789165,-0.13352672,-0.12257228
0.36214966,-0.18166294,-0.14544922
0.50279266,-0.25501529,-0.032061678
0.23334948,-0.19938276,-0.066666732
0.2834788,-0.15996453,0.12997896
0.30428796,-0.37682634,0.038585876
0.37020949,-0.30664161,-0.1135833
0.40613111,-0.32940489,0.090712318
0.42469659,-0.2669466,-0.098296223
0.23690342,-0.25686225,-0.072243098
0.36041278,-0.16963863,0.09501367
0.026112221,-0.21788398,0.096675589
0.046888631,-0.19984526,0.086584932
0.45338514,-0.14886477,-0.0091658502
0.21388215,-0.16579019,-0.02393225
0.21707728,-0.18692634,-0.013196086
0.77001133,-0.091008185,-0.29731204
0.17823085,-0.1972527,0.0047445948
0.28018559,-0.2181358,0.024794053
0.31338455,-0.23158665,-0.027875106
0.3330384,-0.14584148,-0.07301067
0.15462669,-0.26094779,-0.18105009
0.34435912,-0.11958653,0.052126771
0.12712511,-0.26889445,-0.13665326
0.44127522,-0.1605509,0.036566461
0.3656776,-0.12261151,-0.034905637
0.42454735,-0.15134536,-0.30097478
0.27337978,-0.14172935,0.039425792
0.46488337,-0.08820196,-0.26162553
0.62260121,-0.099842248,-0.31714171
0.31580204,-0.1728616,-0.083398812
0.5142224,-0.14119894,-0.063350194
0.44635437,-0.1884599,0.029719412
0.53963201,-0.050616421,-0.39828901
0.40828141,-0.12282228,-0.22190229
0.46355391,-0.0023862514,-0.27169025
0.3344583,-0.15701071,-0.14397501
0.52890814,-0.16061987,-0.0093787916
0.37956719,-0.17165533,-0.18687165
0.2180183,-0.14535753,-0.050423035
0.48086496,-0.11128784,-0.28560613
0.31461267,-0.12019025,-0.23055481
0.18469534,-0.22446817,0.010244275
0.2869519,-0.11767065,-0.041543938
0.37191956,-0.2087717,-0.13051941
0.43591538,-0.081897533,-0.26545079
0.37052879,-0.051120501,-0.32445414
0.59189805,-0.080156206,0.1055746
0.37055835,-0.18903589,-0.37954469
0.20847506,-0.039286573,0.040936666
0.25681032,-0.15200589,-0.045666378
0.32120327,-0.10804471,-0.1388994
0.27894864,-0.09438152,-0.06889777
0.55396724,-0.072107448,0.0141721
0.60319637,-0.10234075,-0.29998003
0.65137952,0.014176598,-0.26300681
0.36983171,-0.13910396,0.014169866
0.27540815,-0.16121054,-0.21488504
0.52599215,-0.15559713,-0.043860355
0.56298573,-0.097345656,-0.25983012
0.53821983,-0.094086913,-0.26973022
0.25273448,-0.23838131,-0.02342297
0.24242515,-0.21682836,-0.19413187
0.31482739,-0.19400018,0.054266026
0.27101051,-0.2041805,0.06631894
0.43898404,-0.092236562,-0.10104871
0.27286097,-0.23591443,-0.11024794
0.30579437,-0.14427981,-0.26518662
0.50166282,-0.13700617,-0.062148366
0.39602217,-0.13624236,-0.28268903
0.095409714,-0.15510333,-0.11928949
0.31771454,-0.1937513,-0.10207865
0.51999581,-0.052104513,0.079968405
0.57879823,-0.091659848,-0.1272511
0.67133234,-0.091613803,-0.047405158
0.61174507,-0.17368892,-0.2441723
0.54259196,-0.11587732,-0.28519211
0.5529557,-0.16322718,-0.13768738
0.74596329,-0.13021066,0.0201751
0.74220804,-0.13492465,0.0072909057
0.74775752,-0.14335826,-0.1471178
0.61967509,-0.14868906,-0.012853447
0.64178254,-0.23027297,-0.18031511
0.5456665,-0.20196155,-0.12624621
0.3833151,-0.18227936,-0.15539708
0.61175837,-0.02077439,-0.22325832
0.33160142,-0.25155764,-0.17025211
0.26806901,-0.053513103,-0.050922179
0.20832347,-0.16745048,-0.24529928
0.32381333,-0.079607217,-0.19535196
0.29309246,-0.16345967,-0.26793736
0.33404098,-0.11896488,-0.22996728
0.36553534,-0.14581243,-0.18803215
0.30044586,-0.13627389,-0.19327423
0.3402441,-0.31973573,-0.042442057
0.099258711,-0.25351797,0.077737783
0.11674064,-0.32119333,0.19426611
0.53283517,0.026635573,-0.37669137
0.24301396,-0.2411219,-0.056714667
0.20033061,-0.15170142,-0.19224977
0.1926709,-0.1499745,-0.27561717
0.60233285,-0.095568693,-0.011313116
0.53887421,-0.1164324,0.17465476
0.48816387,-0.021632053,0.013148047
0.57552528,-0.11386802,-0.047046437
0.46383264,-0.033050314,-0.062872536
0.50138324,-0.035075136,-0.06458767
0.61459346,-0.045762167,-0.18403461
0.55330899,-0.21047054,0.024193688
0.49478249,-0.15137709,-0.19434306
0.37259545,-0.14889832,-0.26947538
0.32909789,-0.095034729,-0.082730326
0.15913262,-0.17014881,0.056138583
0.23360812,-0.17946655,-0.013825859
0.50526934,-0.16627849,-0.30644193
0.35651624,-0.11682315,0.23169709
0.4480822,-0.09592823,-0.27934979
0.43164599,-0.10445254,-0.20161658
0.35345638,-0.17583242,0.037045166
0.29729788,-0.18260869,-0.11056147
0.42987879,-0.15546048,-0.26492487
0.4148596,-0.14967067,-0.28940308
0.26193123,-0.30569904,0.041172855
0.32005281,-0.26151409,0.053279346
0.42109401,-0.13765978,-0.19747093
0.36976751,-0.21546841,-0.072098691
0.34037806,-0.22303318,-0.0095366973
0.45230608,-0.089225932,-0.14043829
0.3696276,-0.14517084,-0.30874773
0.37655756,-0.15470549,-0.06939802
0.37447337,-0.14524057,-0.072978036
0.37831722,-0.11916617,-0.20967029
0.33385909,-0.1628139,-0.2375771
0.15333873,-0.19238969,0.0051779405
0.42386782,-0.1513338,-0.11439219
0.47694632,-0.18808117,-0.21647717
0.32018502,-0.22916662,-0.072146696
0.52425498,-0.09512197,-0.11463669
0.46456846,-0.090632982,-0.10314892
0.47219269,-0.080277085,-0.16159844
0.66876353,-0.024372089,-0.30684768
0.6535544,-0.15565724,-0.13893419
0.56192603,-0.21027112,-0.1923947
0.63333774,-0.12060489,-0.075175925
0.35503775,-0.097503292,0.023288835
0.0031465796,-0.21812956,-0.15682606
0.35649441,-0.15344524,-0.074432276
0.35643402,-0.10851176,-0.15089588
0.39743046,-0.1194563,-0.16374956
0.3910088,-0.13257385,0.03243342
0.35502576,-0.14903749,-0.047960567
0.28850548,-0.24868198,-0.028638985
0.30233807,-0.16845268,-0.089216545
0.33055439,-0.11092206,-0.10345018
0.31349428,-0.13130533,-0.077658424
0.52072254,-0.20531526,-0.1004913
0.46107857,-0.070662856,-0.1302915
0.58334189,-0.090390809,-0.16876058
0.49437751,-0.18991485,0.01749302
0.30719227,-0.20555046,-0.26145791
0.25772198,-0.18687756,-0.28675276
0.28794277,-0.15459116,-0.088449785
0.13322681,-0.12920631,-0.21949651
0.33701638,-0.11276549,0.016926876
0.18233025,-0.25024445,-0.183604
0.18717913,-0.20728691,-0.049528318
0.44940444,-0.1984307,-0.2098373
0.55768633,-0.17056595,-0.22177894
0.61116916,-0.19060664,-0.060760734
0.38383802,-0.15428077,0.072812982
0.43083498,-0.17367109,-0.078046143
0.39085914,-0.15012187,-0.079309193
0.18113158,-0.073687245,-0.22152156
-0.028679211,-0.082115723,-0.15090352
0.14915944,-0.1374053,0.020179856
0.092247032,-0.13126053,0.025062738
0.3295018,-0.15633267,-0.11416512
0.24080237,-0.27466507,-0.075772557
0.23270825,-0.26145341,-0.085358677
0.45822977,-0.087203806,-0.11359491
0.47457108,-0.077121699,0.0042579716
0.60368701,-0.073203016,-0.21752988
0.49104433,-0.10343005,-0.14663936
0.47219454,-0.051567195,-0.28254562
0.60165509,-0.17538959,0.083263871
0.29140889,-0.13345908,-0.11608175
0.26954971,-0.088831092,0.0015378468
0.13511259,-0.12384403,-0.031143728
0.61046897,-0.050247115,-0.24703214
0.34746378,-0.20777604,0.10313424
0.34896581,-0.11879014,-0.23094513
0.22432221,-0.18892759,0.15851511
0.3268296,-0.16534517,-0.087441673
0.45862326,-0.15810417,-0.1707435
0.27356241,-0.12365391,-0.095609242
0.20164212,-0.083253429,-0.31718629
0.35482827,-0.082851076,-0.11408457
0.20106838,-0.203272,-0.045476563
0.067735321,-0.2784981,0.019585873
0.32629666,-0.17505165,-0.21343946
0.55148899,-0.081679861,-0.056603318
0.73793272,-0.11911,-0.13843918
0.74761106,-0.11009746,-0.12992893
0.29657648,-0.17931394,-0.14507525
0.29745073,-0.1610108,0.049046883
0.3621925,-0.10926015,-0.044606671
0.44325208,-0.060919693,-0.32084695
0.51866592,-0.11394609,-0.038345188
0.47647411,-0.23321344,-0.18952484
0.51324025,-0.065959925,-0.37136405
0.015848615,-0.16402047,0.009405559
0.17018548,-0.11143747,-0.19524715
0.32141945,-0.074482443,-0.056310657
0.3001875,-0.048838915,-0.14592374
0.62116349,-0.25775029,-0.067290255
0.4306598,-0.25947734,-0.17793088
0.44206084,-0.17976852,-0.011173808
0.32714572,-0.13173356,-0.24703532
0.44269814,-0.10264292,-0.21972153
0.43910142,-0.079211676,-0.097044744
0.35763079,-0.09146258,-0.21001296
0.55604227,-0.22719987,0.016502365
0.17908821,-0.24641777,-0.065597776
0.4209798,-0.15441923,0.079720771
0.29047659,-0.14124604,-0.10027417
0.3212217,-0.16706564,-0.20039065
0.43278187,-0.14871046,-0.21064358
0.79527225,-0.1861829,-0.22330682
0.7176367,-0.016662584,-0.10303744
0.49704721,-0.050723996,-0.089224667
0.53778111,-0.14414623,-0.2692545
0.49317324,-0.022153818,-0.15734875
0.27009652,-0.20598189,-0.14418596
0.69582369,0.0087880835,-0.24301201
0.61448532,-0.023484194,-0.33845285
0.52933456,-0.082358894,-0.20194801
0.20452186,-0.1986517,-0.03843263
0.59598879,-0.10154914,-0.2075229
0.52222016,0.039336627,-0.28917617
0.76504297,-0.10448641,-0.10543211
0.39563115,-0.085613503,0.024259963
0.10918032,-0.21435943,0.010703996
0.038490322,-0.25267513,-0.12853894
0.27968473,-0.21444979,0.030931939
0.34527663,-0.15894897,-0.18250752
0.14918237,-0.1852643,-0.082420657
0.18572304,-0.2358887,-0.082190794
0.52111519,-0.085432918,-0.063241002
0.4315791,-0.085617923,-0.010058816
-0.086284757,-0.1979236,-0.17255236
0.24321249,-0.20243657,0.07357302
0.4268745,-0.17664809,0.11355822
0.59362714,-0.27493256,0.014597615
0.66592269,-0.20519073,0.15307759
0.33924741,-0.079921506,-0.26891006
0.32399704,-0.17365297,0.084894809
0.23601302,-0.32290571,0.085304275
0.25694209,-0.30794097,-0.047393272
0.31672666,-0.16037911,-0.19405868
0.45288658,-0.085983726,-0.48154845
0.64685421,-0.034154568,-0.30800721
0.40200027,-0.022014041,-0.11998396
0.53764643,-0.14789264,-0.021956671
0.5969259,-0.076679619,-0.22565423
0.38928782,-0.02564175,-0.14115522
0.44420671,-0.021517878,-0.14476538
0.34298537,-0.080471295,-0.18507185
0.26590313,-0.046716984,-0.26831972
0.087335692,-0.1314232,-0.11503136
0.31867225,-0.24738443,-0.16039227
0.85792571,-0.11856755,-0.12647459
0.4082502,-0.18326319,-0.013968782
0.85014415,-0.11650804,-0.18921176
0.71534706,-0.021464688,-0.11782105
0.49675008,-0.0088479653,-0.23198296
0.41037916,-0.19699079,-0.064683305
0.41414572,0.041931203,-0.33382987
0.1436403,-0.2179137,0.018990875
0.45180471,-0.18282344,-0.31522981
0.60364667,-0.0087723962,-0.098728785
0.73470941,-0.094944373,-0.30790406
0.61140919,-0.11214557,-0.21364878
0.75189247,-0.14619475,-0.31323718
0.55763683,-0.19248288,-0.14410294
0.60686599,-0.08587389,-0.20983972
0.38045435,-0.14605157,-0.10936754
0.49720785,-0.10904256,-0.22368664
0.66640001,-0.15151761,-0.17450727
0.57969801,-0.13770452,-0.071374161
0.58133887,-0.18706113,-0.1841977
0.40386422,-0.084179636,-0.08616804
0.30637677,-0.22039928,-0.064883415
0.20570088,-0.18106684,0.023065253
0.52213252,-0.1093494,-0.22929823
0.64893541,-0.086661293,-0.18056121
0.75698278,-0.095614033,-0.41040582
0.91890671,-0.056704626,-0.27727617
0.70178609,-0.035096019,-0.16662312
0.52962511,-0.084422624,-0.28048376
0.54944157,-0.22523743,-0.0061042539
0.23526812,-0.22091418,-0.15058356
0.3505085,-0.1502015,-0.1568131
0.24030282,-0.25688098,-0.27440529
0.57161186,-0.1082132,0.021287458
0.37639316,-0.090812708,-0.30351602
0.34937928,-0.15057068,-0.38921126
0.57276108,-0.1107507,-0.34054767
0.34965451,-0.18737599,-0.36494791
0.58418039,-0.0001335516,-0.35487205
0.71541701,0.049347315,-0.41214065
0.36233315,-0.18305683,0.018497489
0.38990941,-0.076494184,-0.25096177
0.47463287,-0.18063482,-0.2682482
0.35207122,-0.083758818,-0.045476408
0.38878807,-0.16911711,0.0076304377
0.28095418,-0.15829261,0.0074206273
0.26794856,-0.035987738,0.037663821
-0.078655917,-0.35520117,0.0027813354
0.21119802,-0.11927333,-0.02779429
0.25614087,-0.23000508,-0.13350908
0.40696745,-0.060241654,0.22306764
0.091932891,-0.16567408,0.18104669
0.06988302,-0.15914348,0.16127481
0.19227044,-0.23236307,-0.28882385
0.30582173,-0.21973718,0.0022068008
0.51822851,-0.11114099,-0.16814828
0.17279466,-0.18962502,-0.053398949
0.081488478,-0.22761282,-0.03552016
0.24634068,-0.24513155,-0.14303585
0.24768487,-0.17571329,-0.41140073
0.54150286,-0.011287969,-0.091273205
0.43197325,-0.093726998,-0.095339191
0.53570128,-0.13368037,-0.050195426
0.31337823,-0.20016455,-0.25888803
0.37831929,-0.12006773,-0.17956645
0.5109072,-0.20042521,-0.16223055
0.40898256,-0.12365143,-0.055991472
0.31635514,-0.24268092,-0.0048112342
0.3119662,-0.22114107,-0.042486957
0.31888987,-0.21212852,0.1765637
0.29358244,-0.24515764,-0.16418653
0.36563736,-0.07643194,-0.19793733
0.64417323,-0.11021424,-0.15763655
0.44975997,-0.12091184,-0.13260099
0.37336981,-0.08996635,-0.20513078
0.27827236,-0.24239339,0.0016887671
0.24354643,-0.15142726,-0.22802436
0.68688563,-0.11766242,-0.37495605
0.73645744,-0.068458345,-0.20751028
0.3348747,-0.17409861,-0.030063471
0.77296399,-0.17216687,-0.085950815
0.69574947,-0.17947639,-0.27498249
0.77501003,-0.041751203,-0.30827047
0.75384678,-0.14836275,-0.057640508
0.49601525,-0.05960856,-0.050683098
0.32779643,-0.13949677,-0.25195227
0.67339725,-0.044670096,-0.19429904
0.66541443,-0.076199605,-0.19336061
0.19525759,-0.13640604,-0.11895264
0.44861029,-0.12192218,0.034056509
-0.12733266,-0.37053505,0.14500042
0.31425728,-0.14923518,-0.2388062
0.33944883,-0.18243967,-0.29775486
0.26986617,-0.19787207,-0.29057034
0.15435306,-0.16364094,-0.079072218
0.15115228,-0.17479204,-0.011063714
0.12184801,-0.13945963,0.033682002
0.36483155,-0.044834402,-0.22309879
0.32951226,-0.19054322,0.057105784
0.70836655,-0.072593462,-0.063981835
0.28698156,-0.23019027,0.051972515
0.47519127,-0.12071348,-0.17822401
0.29013341,-0.23743416,-0.078719269
0.57001503,-0.10089537,-0.17884309
0.53935922,-0.13991149,0.026143701
0.58254388,-0.10455434,-0.18671281
0.67032866,-0.11894106,-0.081122555
0.79206092,0.00025100078,-0.27497804
0.56988461,-0.16190293,-0.21044631
0.21279829,-0.2287097,-0.13433058
0.65232124,-0.20217405,-0.30209277
0.60070851,-0.16064262,-0.21545229
0.29089583,-0.1584417,-0.046327125
0.23460604,-0.26058831,-0.042961639
0.51993562,-0.096723475,-0.20540356
0.08650592,-0.25568135,-0.21887981
-0.040234791,-0.20760013,0.064775921
0.25375915,-0.19681875,-0.061572964
0.17844965,-0.13905125,-0.099460438
0.25887623,-0.18114496,-0.14223389
0.36087192,-0.081167312,-0.017953931
0.51320305,-0.10927012,-0.12993693
0.29041811,-0.1485645,0.13294932
0.11435986,-0.2214034,0.13697385
0.2633792,-0.2546752,0.1256677
0.59681612,-0.12706806,-0.078625518
0.44862392,-0.16281699,-0.097267963
0.4074688,-0.069029444,0.062740318
0.24575565,-0.22619874,-0.06181964
0.23129538,-0.18346052,-0.14811028
0.59123167,-0.17568428,-0.11700518
0.68475406,-0.09011133,-0.1540789
0.27789869,-0.24010415,-0.17416851
0.48001816,-0.18985973,-0.21148126
0.33934243,-0.14744805,0.013889866
0.36024678,-0.22766102,-0.19467479
0.26009162,-0.16057995,-0.13720378
0.28456229,-0.2202306,0.11855243
0.28460668,-0.18388545,-0.10031979
0.024911233,-0.19278495,-0.023622677
0.44656683,-0.12932458,-0.50019581
0.52703888,-0.11192788,-0.023227772
0.7107014,-0.13787826,-0.31340379
0.68668032,-0.15760521,-0.25655749
0.70116758,-0.13085188,-0.21938257
0.7351221,-0.14986476,-0.091765972
0.93468862,-0.053539227,-0.080037014
0.43779268,-0.10089288,-0.095403051
0.093978149,-0.22147939,0.1209258
0.065586235,-0.33979876,-0.12628691
0.14249084,-0.38257064,-0.29692343
0.14223866,-0.36215385,-0.2386487
0.19139486,-0.1611937,0.15203002
0.15844367,-0.17042489,0.15013417
0.1577569,-0.15835601,-0.18960704
0.58793417,-0.097637681,-0.16360776
0.33942258,-0.15393141,-0.18053921
0.22264857,-0.18101061,-0.24840842
0.56715361,-0.099502411,0.11842339
0.19716561,-0.095041799,-0.089063018
0.23100138,-0.26902113,-0.24537019
0.39629485,-0.14147147,-0.21712187
0.38528191,-0.16868819,0.018214503
0.45219962,-0.066955351,0.088309406
0.53866557,-0.094321876,-0.21167794
0.67939427,-0.21295807,-0.097396201
0.15495578,-0.14559005,-0.13226805
0.1498672,-0.15849946,-0.20403922
0.270558,-0.20952668,-0.074316124
0.34619591,-0.083846407,-0.2055333
0.35224375,-0.10933613,-0.16852692
0.45771672,-0.17794417,-0.30170322
0.19562013,-0.24722779,-0.014976218
0.16041202,-0.17787961,-0.0027509449
0.30942339,-0.14437468,0.20868312
0.16727895,-0.2297304,0.23416557
0.40924334,-0.13985227,-0.24776369
0.30507958,-0.21903731,-0.48058883
0.39768272,-0.099981146,-0.10353358
0.24945649,-0.17073213,-0.22095192
0.74150435,-0.088018809,0.0067302254
-0.041595284,-0.21519895,-0.31823214
0.10429015,-0.30848363,-0.20107868
0.33912818,-0.24786688,-0.062026888
0.46278148,-0.23011969,-0.23990569
0.55056291,-0.15381709,-0.30339166
0.55068914,-0.16325667,-0.21985684
0.61972889,-0.10739185,-0.092792483
0.68460522,-0.16007718,-0.15784231
0.53184648,-0.085218211,-0.12615213
0.49893815,-0.21283855,-0.18035251
0.3427436,-0.14929218,0.091617704
0.24923574,-0.23282815,-0.17344691
0.29062014,-0.097049029,-0.1052647
0.23652228,-0.096726718,-0.13901984
0.36304799,-0.0808167,-0.11597505
0.49942544,-0.14314922,-0.29377776
0.39721281,-0.10258664,-0.25033994
0.76354948,-0.1135501,-0.091732872
0.57431917,-0.07532263,-0.29012618
0.26601184,-0.12955609,-0.15800182
0.30247693,-0.085386624,-0.15674047
0.52483527,-0.11936577,-0.13437698
0.42129295,-0.077092037,-0.17149608
0.48299428,-0.13905677,-0.12233297
0.55246231,-0.07809384,-0.28995485
0.50582778,-0.073671233,-0.0032647812
0.56296747,-0.067927917,-0.40902656
0.49933994,-0.11371874,-0.22281294
0.30443508,-0.070561117,-0.17033413
0.68324408,-0.074113002,-0.29168743
0.58689438,-0.18508771,-0.11191383
0.4755662,-0.12612925,-0.082023892
0.52928522,-0.041513803,-0.12385543
0.76644681,-0.0322065,-0.029652584
0.56368562,-0.11892134,0.047864114
0.25658608,-0.17700689,-0.012401459
0.43167423,-0.1762021,-0.055241588
0.43883519,-0.17011765,-0.008619219
0.49389217,-0.18164223,0.010324626
0.4555852,-0.17836089,0.032755678
0.58801829,-0.079018311,-0.11293142
0.34431518,-0.21464221,0.018506894
0.8194402,-0.060274078,-0.17255227
0.81266882,-0.17169675,-0.15870668
0.65261164,-0.13124373,-0.27483412
0.78577048,-0.11000571,-0.095029794
0.6590531,-0.076139374,-0.11058396
0.74506483,-0.098266219,-0.19454144
0.91137498,-0.054514293,-0.139037
0.677678,-0.12793339,-0.068725382
0.60234021,-0.2229168,-0.071102944
0.5774616,-0.10083535,-0.22064778
0.30452919,-0.19402748,0.012825134
0.44920141,-0.19142786,-0.068112657
0.37921253,-0.16898682,-0.092812268
0.44619332,-0.14342973,-0.21823694
0.22256532,-0.242448,-0.1047146
0.23566485,-0.24661706,0.0051563784
0.19086398,-0.19140023,0.042499185
0.62559853,-0.092088985,-0.22915174
0.34871682,-0.1102534,-0.22942014
-0.017982152,-0.27434269,0.14700945
0.19904131,-0.11989014,-0.023077682
0.19855271,-0.12946951,-0.002269763
0.77393337,-0.071914731,-0.33905632
0.55869149,-0.09215268,-0.19843613
0.40534613,-0.094908706,-0.15276892
0.39183697,-0.12279341,-0.11515275
0.56865083,-0.1864132,0.051811659
0.45338019,-0.19264201,-0.054489738
0.46853079,-0.062983886,-0.27745897
0.54835196,-0.13129836,-0.15760329
0.61799143,-0.024885476,-0.19007695
0.33610407,-0.073382,-0.29950492
0.34335526,-0.14010524,0.057598608
0.20800198,-0.085268862,-0.00064425336
0.13437158,-0.22246239,-0.17335217
0.29886251,-0.14617645,-0.17624162
0.44831491,-0.13960311,-0.051373594
0.19742871,-0.1011773,-0.02097776
0.31859963,-0.14222969,-0.22011796
0.1291725,-0.1405228,-0.19215278
0.40430394,-0.21450559,-0.070357255
0.57812764,-0.15559512,-0.13784874
0.36980294,-0.16514671,-0.15651789
0.41505313,-0.20496476,-0.12645606
0.29184158,-0.19850653,0.18651294
0.013361393,-0.22502192,-0.067151884
-0.13442659,-0.21682711,-0.07446742
0.60481618,-0.024292607,0.05472398
0.65580969,-0.1859731,0.032630616
0.80865727,-0.099484958,-0.30832476
0.38164898,-0.21452012,-0.049581002
0.46481526,-0.19862573,-0.25972936
0.3691239,-0.1868971,-0.23787855
0.3923767,-0.15748562,-0.35855226
0.28440424,-0.21143928,-0.21679627
0.10306603,-0.23837257,-0.1274767
0.21506337,-0.16421109,-0.26962935
0.33031128,-0.2162977,-0.098533568
0.384044,-0.22490111,-0.051178318
0.36295114,-0.22491519,-0.028328563
0.44307533,-0.11921765,-0.14326538
0.40088115,-0.16385357,-0.27879812
0.47733661,-0.11261496,-0.0078378446
0.7277336,-0.1076469,-0.36691854
0.56397405,-0.10676539,-0.18606809
0.60660349,-0.097165452,-0.17375594
0.43049542,-0.10597745,-0.13677522
0.39432179,-0.13052452,-0.19160956
0.43731389,-0.11001344,-0.16356355
0.22760134,-0.1762603,-0.18413668
0.11996455,-0.26507258,-0.34060315
0.57066447,-0.11391766,-0.07997972
0.21382624,-0.21530763,-0.091869099
0.45068471,-0.1652783,-0.10765382
0.4093273,-0.18066591,-0.075645966
0.37097761,-0.23875009,-0.024808256
0.69032731,-0.080804427,-0.032397686
0.72418343,-0.081649266,-0.029233018
0.48255486,-0.2224179,-0.22899239
0.31263126,-0.11574201,-0.22200286
0.56750659,-0.16399809,-0.018422138
0.93525512,0.03135335,-0.35634848
0.95667329,0.043723316,-0.44685966
0.19933899,-0.25821689,-0.05983903
0.1813494,-0.1445241,0.015079539
0.27225611,-0.15116244,-0.14560611
0.21681975,-0.15847629,-0.30466429
0.57480606,-0.16298059,0.10453658
0.69821967,-0.089828195,-0.32996937
0.86638105,-0.053706015,-0.19735098
0.77606933,-0.040633761,-0.15480291
0.53581651,-0.028802789,0.099696023
0.21590618,-0.1369568,-0.33268565
0.3687399,-0.15834995,-0.38392781
0.28629127,-0.15216613,-0.174909
0.34137421,-0.11479089,-0.24992825
0.28465553,-0.14073025,0.072319849
0.44965825,-0.11271273,-0.28203992
0.68379604,-0.13800293,-0.14552906
0.4038158,-0.12488043,-0.19222314
0.22792173,-0.15661096,-0.067676157
0.49307985,-0.12591253,-0.25419934
0.39800362,-0.18351204,-0.28092133
0.41602161,-0.11701817,-0.19625879
0.41337635,-0.15316488,-0.11018579
0.46614947,-0.10379657,-0.11300517
0.35929408,-0.14937598,0.0087879901
0.24992673,-0.195834,-0.22286216
0.38931935,-0.089470464,-0.23848445
0.43930081,-0.10826082,-0.28833989
0.92240254,-0.047314629,-0.29253419
0.86003135,-0.077417596,-0.28397855
0.41720733,-0.13158519,-0.090450839
0.41604071,-0.18327394,0.077286856
0.3858895,-0.1739189,0.10089621
0.28536948,-0.086518021,-0.12568488
0.21653224,-0.18016102,-0.095430698
0.019185349,-0.2370473,-0.10610258
0.38358015,-0.12263791,-0.14643519
0.48268405,-0.10286961,-0.068555953
0.4245463,-0.19308784,-0.13466584
0.40229666,-0.18506504,-0.12307272
0.45711445,-0.16815924,-0.35676511
0.54507843,-0.18566798,-0.034114664
0.61394182,-0.0012675113,-0.25777115
0.4518578,-0.099790183,-0.36790285
0.68455428,-0.19086202,-0.19684476
0.72125563,-0.037691213,-0.25982842
0.68178384,-0.094617612,-0.38058699
0.84822113,0.010412756,-0.046334196
0.72758879,-0.14149786,-0.030336294
0.72046022,-0.030316689,-0.032822815
0.65318765,-0.16505373,-0.0074690405
0.73715459,0.028328552,-0.2312879
0.69737063,-0.14413022,-0.071125361
0.88628223,-0.11039664,-0.16532183
0.64121291,-0.08647523,-0.10912877
0.4390674,-0.095516426,-0.26148593
0.41771489,-0.086385245,-0.065309258
0.37506673,-0.10828826,-0.080554888
0.22119453,-0.1920976,-0.24326577
0.38710498,-0.13811696,0.077899753
0.63124231,-0.17156043,-0.028714478
0.8763923,0.0036455362,-0.31595354
0.24850486,-0.23204044,-0.10742281
0.43514169,-0.19091771,-0.15447871
0.55393367,-0.068984425,-0.15555348
0.55597021,-0.13773552,-0.14918286
0.47690132,-0.12594869,-0.054843005
0.52728901,0.031440962,-0.16851011
0.50426358,-0.056685493,-0.12094309
0.57492004,-0.16863294,-0.10229478
0.51042228,-0.087829674,-0.10225166
0.34427307,-0.102105,-0.24287011
0.34477418,-0.097058356,-0.22405785
0.14989112,-0.25814807,-0.021587431
0.16761035,-0.1405511,-0.13617883
0.18106023,-0.18771145,0.1065886
0.24000593,-0.20474163,-0.033935658
0.72662808,-0.022533312,-0.19691045
0.73377755,0.026953395,0.097896886
0.6098229,-0.1552952,0.061970641
0.59515717,-0.18026762,0.034010325
0.47488833,-0.12024009,-0.061218026
0.42971873,-0.16397816,-0.28375498
0.55149967,-0.10349303,-0.17442685
0.26850827,-0.12557789,-0.054157869
0.24555173,-0.27458543,-0.14283265
0.13755942,-0.1175858,-0.16858059
0.15875857,-0.15262296,-0.0070583267
0.42926832,-0.0889655,-0.11657352
0.42742097,-0.17463849,0.026218961
-0.046227655,-0.16950051,-0.087634479
-0.064541631,-0.12671135,-0.0017942522
0.39652576,-0.17441482,-0.23012219
0.76181084,-0.10101918,0.070636579
0.66182713,-0.23974632,-0.10606833
0.52609289,-0.09692418,-0.15270549
0.36961125,-0.17696766,-0.19465744
0.760316,-0.051094652,-0.2001495
0.32279769,-0.18386818,-0.41694596
0.37006546,-0.1415332,-0.44694054
0.28923572,-0.09497977,-0.25393359
0.60073716,-0.12111839,-0.12283134
0.55531235,-0.20113746,-0.16524492
0.65392508,-0.11310883,-0.10669983
0.58287656,-0.12994232,-0.022809368
0.41519477,-0.2022368,-0.14262202
0.72687521,-0.094789974,-0.18763419
0.54353028,-0.11332737,-0.19883371
0.45111305,-0.15467367,-0.21997978
0.18031338,-0.25546752,0.012523846
0.41318185,-0.02752295,-0.11934335
0.39665739,-0.13588704,-0.10422747
0.57438527,-0.11063432,-0.20351006
0.43778434,-0.1492449,-0.2463355
0.4034225,-0.18668433,-0.11878829
0.54950029,-0.080713329,-0.29510219
0.62831255,-0.066372339,0.12816508
0.66810417,-0.15098997,0.051676851
0.81363937,0.019697233,-0.26760473
0.46296877,-0.10952497,-0.11246543
0.17298823,-0.036854185,-0.19798184
0.22344473,-0.065756634,0.05731097
0.59645764,-0.059673552,-0.13804752
0.36895061,-0.024576362,-0.3538551
0.32358287,-0.15222829,-0.27583421
0.59085143,-0.1046365,0.038189486
0.51001122,-0.21111284,-0.08784773
0.46192168,-0.16493825,0.089368025
0.22893905,-0.19411383,0.063554403
0.23517881,-0.21399087,0.016153215
0.38835695,-0.10676289,0.025338892
-0.045559673,-0.18744511,-0.01288215
0.23752673,-0.083038335,0.032187076
0.41455054,-0.12547791,0.082865009
0.2606124,-0.10032091,-0.27104101
0.45895998,-0.11363911,0.19111566
0.52464427,-0.14826595,0.082614308
0.45962159,-0.1402785,-0.096971218
0.49735479,-0.078135319,-0.021097594
0.50126652,-0.086689698,-0.046514087
0.31266761,-0.018954795,-0.091210938
0.30523017,-0.024231293,-0.077829681
0.47602872,-0.10949914,-0.052807453
0.58985724,0.0057676507,-0.049017087
0.57989105,-0.10224282,-0.22110872
0.57909298,-0.095087982,-0.45685426
0.5991003,-0.078227509,-0.12571188
0.42354843,-0.11716262,-0.3431666
0.6376121,-0.15991203,0.077200258
0.45075058,-0.16035968,-0.29077867
0.45538711,-0.17294783,-0.00089373086
0.56856036,-0.027695324,-0.21776078
0.72255858,-0.032225383,-0.18451312
0.73832387,-0.037712329,-0.17650059
0.15350368,-0.20945258,-0.097220324
0.29558833,-0.084205174,-0.0016395986
0.31797383,-0.046941602,-0.22189929
0.61137922,-0.11861022,0.061909743
0.70021468,-0.095312411,0.098995434
0.82981279,-0.02562377,-0.25117573
0.52445413,-0.15854364,-0.2787614
0.71541201,-0.12803281,-0.092095806
0.48811588,-0.045124311,-0.14988371
0.769278,-0.10106685,-0.25441509
0.50073948,-0.062686206,-0.33912582
0.72468713,0.0078572093,-0.097755711
0.60106478,-0.085324391,-0.23808782
0.64605348,-0.076997672,-0.37490011
0.5760971,-0.10520917,0.025436298
0.35727572,-0.20226131,-0.2012269
0.52667014,-0.11296896,-0.13171691
0.3808424,-0.11192054,-0.074018472
0.35772615,-0.1705217,0.015851207
0.35336388,-0.15262352,-0.21793892
0.54807529,-0.075861099,-0.23617111
0.52686743,-0.08619108,-0.19825438
0.35799166,-0.28748445,-0.011578837
0.38097735,-0.26496063,-0.097899048
0.57848429,-0.12777792,-0.013444591
0.46924431,-0.029807681,0.038102909
-0.026114087,-0.33960157,-0.013401195
0.2629802,-0.19170381,-0.086135097
0.1706009,-0.18828674,0.041868071
0.17614416,-0.16539872,-0.16649511
0.18469001,-0.20495601,0.026127366
0.37363368,-0.19107033,-0.068930499
0.42026935,-0.16121793,-0.15334637
0.24894381,-0.11078695,-0.18819715
0.35129777,-0.19984738,0.056519721
0.55613715,-0.11228645,-0.28477269
0.78087107,-0.12942225,-0.30960596
0.75170857,-0.039070577,-0.16862149
0.91190949,-0.066184945,-0.13748246
0.5627329,-0.11841436,-0.32982321
0.52818352,-0.12550293,-0.23063868
0.32293194,-0.14261237,-0.12805438
0.69158598,-0.045963541,-0.14826503
0.50819678,-0.21839608,-0.057234362
0.48462255,-0.23906684,-0.22040663
0.62043218,-0.090027939,0.06290124
0.68774682,-0.12186997,-0.51550833
0.38848952,-0.15536264,-0.017934149
0.58526314,-0.20465759,-0.093428182
0.63562735,-0.1018649,0.045236593
0.55954045,-0.1453328,-0.2936105
0.59700169,-0.10563833,-0.26679954
0.42150437,-0.23716009,-0.033946553
0.38300691,-0.16912505,-0.056606233
0.47254237,-0.16712949,0.14599412
0.31499306,-0.24742442,0.193652
0.21543906,-0.20566292,-0.17114277
0.31617781,-0.19873775,-0.1071797
0.57921772,-0.069692873,-0.2691983
0.54629589,-0.094729885,-0.073122209
0.62793779,-0.11154194,-0.37448597
0.46366825,-0.085060999,-0.20356454
0.4414008,-0.19941105,-0.074707421
0.43064749,-0.22329452,-0.070998025
0.32552184,-0.13356498,-0.20023824
0.28303008,-0.19018507,-0.056625423
0.34377177,-0.2055584,-0.018831573
0.49229563,-0.0085849786,-0.24248388
0.67653318,-0.18007174,0.1982947
0.70945986,-0.13807808,0.069584722
0.45817162,-0.063082409,-0.4033776
0.43061299,-0.22565328,0.13906429
0.47604537,-0.11666577,0.15746316
0.37387236,-0.17249053,-0.25399352
0.12111194,-0.13025081,-0.017633416
0.27646497,-0.15281213,-0.19124592
0.48407064,-0.17011204,-0.054682671
0.48696597,-0.18280796,-0.19574886
0.4709888,-0.13598263,-0.27732055
0.43756899,-0.081080864,-0.18437655
0.31217081,-0.2230493,-0.22639822
0.23392342,-0.2858425,-0.12610283
0.048230071,-0.25186699,-0.17335353
0.032590232,-0.27261958,-0.15761652
-0.1000827,-0.23283283,-0.12583507
0.017084194,-0.25135973,0.039563843
0.055499565,-0.14352447,-0.062614564
0.094533586,-0.23095254,0.067189906
0.5736221,-0.073519501,-0.38513616
0.51246473,-0.05350265,-0.27428195
0.56594259,-0.047144571,-0.076872789
0.43838874,-0.20594056,-0.25016626
0.44900582,-0.13071014,-0.065202477
0.33309796,-0.060953947,-0.13828875
0.31184935,-0.24306631,0.21729178
0.36794126,-0.18665591,0.1252177
0.24801955,-0.22175416,-0.080169112
0.31892978,-0.13372995,-0.098890169
0.44563953,-0.16233726,-0.14388768
0.61936881,-0.06863037,0.031756391
0.60562554,-0.13234536,-0.24128614
0.65111416,-0.04242569,-0.13352855
0.71508511,-0.2007253,-0.23692879
0.52007562,-0.21025079,-0.30746745
0.5249173,-0.21499034,-0.30286574
0.50362067,-0.15444686,-0.28834449
0.34026536,-0.092177031,-0.02236128
0.27337808,-0.20186779,-0.045273453
0.37877808,-0.158846,0.083414184
0.3492862,-0.1267593,-0.043475566
0.19433699,-0.20339362,0.0025175745
0.16897982,-0.11117589,-0.13526861
0.1760678,-0.19131144,-0.12291998
0.46501825,-0.16789457,-0.24768652
0.51355793,-0.071956318,0.039532365
0.45393285,-0.13396467,-0.16442625
0.52519565,-0.131791,-0.042657733
0.57258972,-0.16779104,-0.091367646
0.66828036,-0.1354414,-0.1775967
0.34491376,-0.19243724,-0.15338483
0.37825162,-0.12035961,-0.11174359
0.20741326,-0.26704721,-0.11900967
0.70974731,-0.11620106,-0.099232873
0.21094244,-0.21787152,0.16282455
0.22448861,-0.16594594,-0.045915699
0.85994397,-0.069885213,-0.29777426
0.90053948,-0.060723933,-0.33243021
0.65153707,-0.088882556,-0.20552949
0.49408531,-0.19178747,-0.054662782
0.11581947,-0.1594039,-0.093504496
0.37112713,-0.14717423,-0.089570513
0.33637672,-0.1148062,-0.10466408
0.49194772,-0.060779731,-0.12848762
0.50099345,-0.087461982,-0.022053047
0.51380648,-0.060314132,-0.050873301
0.4305101,-0.18677457,-0.11713096
0.50105961,-0.048368182,-0.3225093
0.46673169,-0.21505227,0.046374174
0.27698358,-0.12019787,-0.06298925
0.32913919,-0.14793782,-0.12664349
0.16925045,-0.21275992,-0.27901981
0.399514,-0.20676724,-0.11074991
0.5503775,-0.25511308,-0.10804993
0.33897511,-0.16435431,-0.07313598
0.52331352,-0.21062794,0.009941009
0.31630181,-0.17643877,-0.10032286
0.20347805,-0.063908374,0.082965284
0.60177032,-0.24591431,-0.21622849
0.46665447,-0.10522559,-0.20112516
0.45265837,-0.10836175,-0.16915155
0.37613645,-0.18047584,-0.06597557
0.43864681,-0.065732439,-0.047868803
0.46572109,-0.12291496,-0.014251143
0.61753824,-0.13596958,-0.29235551
0.67178676,-0.095112445,-0.1704209
0.65299246,-0.18732512,-0.20199995
0.58463925,-0.19431224,-0.19665871
0.54351264,-0.2390868,-0.079140769
0.39819833,-0.26622739,-0.078023034
0.32226409,-0.31842696,-0.15886322
0.22539191,-0.18225752,-0.099343315
0.26800933,-0.11014818,-0.093177097
0.32137048,-0.098004255,-0.18046696
0.33348441,-0.10913263,-0.19854011
0.42513067,-0.094133822,-0.3293845
0.32648427,-0.25165437,0.063584152
0.11819253,-0.27122863,0.12809945
0.1241642,-0.21414289,-0.25217992
0.22240993,-0.16585824,-0.13565978
0.2730077,-0.087545568,-0.012608157
0.29595745,-0.19669024,-0.15551807
0.30367823,-0.15042792,-0.13472045
0.29171411,-0.20940949,-0.019379898
0.27426307,-0.20373004,0.081920675
0.53813363,-0.056171945,-0.46293467
0.62540993,-0.054711026,0.02124314
0.32409177,-0.17199817,-0.28117895
0.28468413,-0.23661856,0.047636282
0.42635809,-0.1162896,-0.27767005
0.48612533,-0.083325964,-0.34501306
0.42493997,-0.10074743,-0.2504486
0.4954792,-0.10561212,-0.017270919
0.31131446,-0.20047676,-0.26376263
0.27939952,-0.16311821,-0.32805995
0.2218342,-0.065565728,-0.19950496
0.7477843,-0.1575719,-0.12020716
0.53768511,-0.025499864,-0.15012104
0.37865202,-0.20118286,-0.039692184
0.42375802,-0.1344231,-0.1424952
0.1138239,-0.31938812,-0.047153304
0.55108248,-0.071254393,-0.081250707
0.64697846,-0.066559799,-0.203076
0.31239903,-0.20317306,-0.11419589
0.34808754,-0.21044268,-0.13043779
0.70799401,-0.042396816,-0.17454624
0.43765862,-0.11678852,-0.19558502
0.76247122,-0.076229637,-0.12637086
0.74114194,-0.15826309,-0.25225651
0.64141882,-0.1364608,-0.12919996
0.58147354,0.027765191,-0.33245321
0.30413758,-0.31221049,0.086428002
0.77881105,0.016771411,-0.18186415
0.20542017,-0.18285709,-0.31290259
0.42376725,-0.14097458,-0.075483345
0.54851858,-0.12840847,-0.18578353
0.70240661,0.047417445,-0.10605698
0.35422012,-0.16110768,-0.036960758
0.63149467,0.0081613927,-0.09658418
0.64948811,-0.11548505,0.084874559
0.28318392,-0.26353521,0.011218971
0.56950726,-0.10706008,-0.348374
0.45567453,-0.056244546,-0.12957994
0.29711202,-0.11721381,-0.11116648
0.29018564,-0.20245407,0.041535421
-0.024363959,-0.28282033,0.017991431
0.060570473,-0.24468948,0.12967031
-0.15034679,-0.28708197,0.10226203
-0.24190545,-0.23201266,0.11966204
-0.24378164,-0.21902122,0.020885453
0.029481462,-0.22989141,0.14220131
-0.010513646,-0.27628608,-0.14453666
0.34940508,-0.075216863,0.1178159
0.27169344,-0.18801262,0.096199642
0.074414531,-0.13580058,0.15810337
0.2955596,-0.23903144,-0.12148892
0.45157775,-0.11431611,-0.26937212
0.36844159,-0.091492375,-0.175333
0.53620216,-0.12645004,-0.12078449
0.35696019,-0.072287239,0.19416453
0.33522217,-0.073924272,0.20768331
0.43722559,-0.066071238,-0.084381056
0.49070595,-0.16063464,-0.25305888
0.81358471,0.046528075,-0.085961407
0.51670358,-0.16821916,-0.10749957
0.17146404,-0.13664227,0.094701811
0.3678048,-0.15673585,0.059420967
0.62274894,-0.1090525,-0.032594153
0.26070885,-0.14868573,-0.28334099
0.44308346,-0.14563419,-0.10509063
0.27397139,-0.17261444,0.026801654
0.24906173,-0.059341033,-0.28497264
0.30899321,-0.090126103,-0.43085056
0.15981408,-0.11505649,-0.21932127
0.22827503,-0.078861564,-0.31717511
0.16930893,-0.15238317,-0.23714712
0.26918422,-0.10633175,-0.19590017
0.27656259,-0.10191534,-0.21247223
0.3901538,-0.11588928,-0.019671582
0.43284505,-0.10095543,-0.14442826
0.35242302,-0.1786751,-0.14463193
0.36088959,-0.17514839,-0.25241944
0.34826009,-0.18580052,-0.17871055
0.31771736,-0.18273588,-0.13421859
0.29981281,-0.16245791,-0.074483804
0.20652613,-0.2118348,0.035677905
0.18617888,-0.15498047,-0.10708464
0.11831964,-0.18246993,-0.2347781
0.27098059,-0.2517269,0.046192204
0.32776096,-0.045955928,-0.17852273
0.80868685,-0.11570205,-0.39558333
0.41934957,-0.18346689,-0.14900865
0.51538932,-0.10510987,-0.064184347
0.30488796,-0.166793,-0.25031748
0.28320863,-0.18654177,-0.17557704
0.15903399,-0.20702492,-0.16861082
0.3751553,0.0041246242,-0.080803867
0.14724598,-0.18441206,-0.0081427466
0.69586198,-0.010343987,-0.40514307
0.62515842,-0.064261566,-0.29135045
0.68631534,0.098989046,-0.1555659
0.17367913,-0.14518618,-0.3011759
0.47566633,-0.018618722,-0.14027034
0.3250711,-0.034249484,-0.32003441
0.38127291,-0.17024419,-0.12830239
0.44609442,-0.095744562,-0.1369123
0.49344504,-0.11092241,-0.077064729
0.57341944,-0.06187835,-0.18064503
0.49998013,-0.18856818,-0.15158271
0.40053558,-0.1651157,-0.13648344
0.34892107,-0.24510809,-0.061380514
0.44208514,-0.24768141,-0.10638838
0.45373052,-0.12257657,-0.06872505
0.2368309,-0.18185616,-0.19021315
0.23803079,-0.15745286,-0.20595953
0.37545596,-0.16927689,0.0085643534
0.28048997,-0.15784019,-0.28672011
0.12916455,-0.22126327,-0.22509682
0.41520558,-0.10738769,-0.33114991
0.1808581,-0.2099562,0.0059731135
0.31443904,-0.1548507,-0.066609057
0.20966808,-0.18919479,-0.10526625
0.21413206,-0.29965482,-0.028325345
0.17459903,-0.28919024,0.083778057
0.17654789,-0.26156155,-0.065098118
0.583725,-0.065081552,-0.073450942
0.30937703,-0.12797329,-0.08997773
0.34387963,-0.10356031,-0.16975509
0.43474831,-0.14380849,-0.14546468
0.44386052,-0.13819111,-0.10681213
0.54955945,-0.031425647,-0.12939804
0.65569488,-0.0013295553,-0.36721276
0.76034425,-0.094263348,-0.15607659
0.51746358,-0.17837952,-0.16766401
0.42333644,-0.12288927,-0.060439359
0.47172909,-0.1160756,-0.35134248
0.35338455,-0.12054889,-0.19444549
0.35335945,-0.11204013,-0.19194094
0.22590636,-0.11606523,-0.039796566
0.20356965,-0.017589485,-0.24372745
0.51765843,-0.16546488,-0.26726281
0.59763699,-0.19071223,-0.42935701
0.54589279,-0.11429844,-0.24492384
0.3257536,-0.092084385,0.17140256
0.48027971,0.0029762158,-0.015097946
0.33177062,-0.10144585,0.068234549
0.41606099,-0.11152478,-0.22651818
0.10455548,-0.31003028,0.06384421
0.25601105,-0.1781358,-0.10515264
0.44836042,-0.017095648,-0.25403338
0.61889671,-0.050062611,-0.16814012
0.58234577,-0.046441935,-0.16054456
0.33820215,-0.17445678,-0.12397938
0.55392094,-0.12419422,-0.050566521
0.58320342,-0.13661846,-0.047673974
0.32701463,-0.11819644,0.051184862
0.23493855,-0.10011353,-0.26989343
0.43237313,-0.051271941,-0.19949128
0.3618486,-0.12656627,-0.021895432
0.29119381,-0.17319334,0.066658744
0.46501588,-0.087617994,0.14181633
0.16952882,-0.25130293,-0.30140177
0.40835658,-0.11270141,-0.31681344
0.31998434,-0.09980861,0.013965456
0.43601412,-0.12423604,0.048823473
0.46603577,-0.13656853,0.020107949
0.76288117,-0.12171545,-0.086573421
0.58024871,-0.084262605,-0.18622399
0.4741015,-0.13084395,-0.00031932679
0.61654252,-0.080048727,-0.20188568
0.41054,-0.14956674,-0.24013977
0.51214127,-0.29159053,-0.17954307
0.56531153,-0.07461855,-0.13583052
0.45298389,-0.15576186,-0.1238258
0.22523187,-0.21071729,0.053861562
0.25598108,-0.25929301,-0.066786239
0.72099231,-0.011317754,-0.18825835
0.7146367,-0.0031007076,-0.1575882
0.57643879,-0.084524738,-0.15009282
0.83658068,-0.080010645,-0.26070868
0.77273191,-0.056435999,-0.18387933
0.69272015,-0.066130462,-0.29975142
0.43505219,-0.1702692,-0.055565687
0.51777662,-0.1624716,-0.32169915
0.31316238,-0.20293001,0.059017414
0.23747455,-0.035413497,-0.10617515
0.20644886,-0.127187,-0.021283849
0.3698485,-0.27419915,-0.090929279
0.52792029,-0.10056076,-0.07643433
0.44176591,-0.15099941,-0.10724565
0.56500781,-0.11130123,-0.041801713
0.35202152,-0.17226401,-0.22613723
0.34857793,-0.11858866,0.036561396
0.495322,-0.12911034,-0.14612188
0.26667894,-0.13557322,-0.060206648
0.66478837,-0.037907633,-0.32144906
0.76439148,-0.060597737,-0.35168597
0.43101409,-0.087286549,0.090949019
0.43477713,-0.11624584,-0.4127416
0.4243158,-0.096236905,-0.19622135
0.48948333,-0.17082133,-0.26529763
0.38199292,-0.10234205,-0.12776152
0.15347612,-0.20577712,0.051889846
0.40032406,-0.13038916,0.0005852678
0.37940161,-0.091018871,-0.018488955
0.42521532,-0.20785105,0.10212236
0.49694261,-0.18386462,0.084353187
0.35716421,-0.19797017,-0.2479844
0.4333794,-0.16894141,0.01656703
0.00057101776,-0.20336527,-0.28036355
0.049430579,-0.26342128,-0.30314784
0.38926721,-0.22214132,-0.10844051
0.50198861,-0.16302444,0.095439511
0.56167866,-0.12602579,0.028293322
0.51549524,-0.082312243,-0.12077698
0.47808944,-0.076710863,-0.18988842
0.56119599,-0.072184876,-0.020372747
0.25833415,-0.19218076,-0.15222943
0.21165698,-0.23610246,-0.02527151
0.24192047,-0.17991133,-0.086806232
0.43798008,-0.097748575,-0.01239632
0.69125995,-0.092729201,-0.021837483
0.7159576,-0.063513674,-0.29258066
0.42536409,-0.10063844,-0.32272661
0.53793637,-0.098194614,-0.19446835
0.51250621,-0.10791408,-0.12446094
0.40340395,-0.18472429,-0.18736639
0.37689475,-0.24451103,-0.19577421
-0.032523763,-0.27519821,0.061802846
0.55369246,-0.14109784,-0.24495923
0.27842045,-0.19043996,-0.11676077
0.47980663,-0.093479713,-0.078733373
0.55737092,-0.1232127,-0.13556391
0.63975786,-0.15654625,-0.1609798
0.71431669,-0.059010597,-0.2004916
0.76021993,-0.078631695,-0.20651286
0.48773242,-0.145792,-0.14233129
0.48015989,-0.14456263,-0.14157778
0.52370589,-0.14095731,-0.069279443
0.4789969,-0.10794194,-0.0034867171
0.27772902,-0.20227842,0.0066349313
0.65570203,-0.062188275,-0.23024847
0.85111024,-0.047830947,-0.10950486
0.6700463,0.034851186,-0.094649485
0.6762651,-0.064789801,-0.061441374
0.81802366,0.047287616,-0.25192293
0.66907227,-0.02625206,-0.11951603
0.63048623,-0.047735329,-0.17299171
0.52873152,-0.068226738,-0.15101666
0.7797651,-0.071509962,-0.20950546
0.34825304,-0.061571084,-0.24111278
0.62337385,-0.051035255,-0.14815915
0.56579212,-0.10836314,-0.076874855
0.26966572,-0.14021098,-0.14677156
0.35450309,-0.12406756,-0.19016676
0.33158232,-0.13104192,-0.17417202
0.21219859,-0.17143549,-0.27694643
0.19501561,-0.18720311,-0.28380802
0.2182122,-0.17994747,-0.18359018
0.15957928,-0.22287215,-0.12056542
0.33071353,-0.18065115,-0.026985246
0.3033588,-0.17236813,-0.099914363
0.49385842,-0.22734867,0.063023278
0.55780863,-0.065302459,-0.24189948
0.57026061,-0.022057016,-0.16266288
0.52594092,-0.11156683,0.011607851
0.37089793,-0.13718291,0.04832222
0.42466635,-0.078128167,-0.16441604
0.59704588,-0.11758835,-0.22795797
0.20737433,-0.13327886,0.17181615
0.26138261,-0.15979376,-0.0073473551
-0.039030652,-0.25834784,-0.26464223
-0.11366584,-0.24972976,-0.087563429
0.22093364,-0.1735322,-0.39859428
0.29903582,-0.1819813,0.17158007
0.3687012,-0.19057422,0.23764423
0.43334168,-0.13402252,-0.050435926
0.5599986,-0.12526899,0.0024218677
0.2916358,-0.12928314,0.0032190461
0.45494475,-0.021486167,-0.10712271
0.51253981,-0.14058922,-0.20128678
0.55299646,-0.24077573,-0.32720407
0.37360368,-0.07078213,0.20963254
0.31326518,-0.09899004,-0.47324338
0.38557324,-0.093657425,0.073230349
0.14254601,-0.22722365,-0.28264866
0.0055641797,-0.26720348,-0.29301796
0.1720342,-0.17201152,0.15621177
0.23446337,-0.054989186,-0.070302417
0.18830598,-0.10708089,-0.13311046
0.58583758,-0.053420951,-0.19078701
0.61570283,-0.0076520243,-0.15465408
0.59920472,-0.07641983,-0.27948684
0.24424922,-0.11379486,-0.11368549
0.36849237,-0.011315584,0.034198444
0.31996906,-0.27851567,-0.14679102
0.13978421,-0.16074199,-0.033246488
0.40924431,-0.18446785,-0.088841083
0.48937042,-0.12381795,-0.12447024
0.47238456,-0.21149928,-0.31650152
0.50471029,-0.19611385,-0.21919947
0.59022202,-0.16664706,-0.13168596
0.4819267,-0.065068217,-0.15865576
0.513781,-0.16790268,-0.19752074
0.31927674,-0.12231026,-0.075654731
0.32437925,-0.082815709,-0.19087232
0.17711303,-0.16523123,-0.027190559
0.15258402,-0.17597487,0.045395272
0.44045194,-0.18391059,-0.072641019
0.54830168,-0.21546476,-0.11400652
0.26126023,-0.18974216,-0.097391863
0.41998619,-0.20008751,-0.056279765
0.42029079,-0.0069156935,-0.16514126
0.60305718,-0.25428459,-0.081224182
0.57136072,-0.056603756,-0.19941433
0.57928891,-0.070940129,-0.17780117
0.61794764,-0.075104741,-0.11214784
0.67851613,-0.073144231,-0.20131522
0.59046535,-0.13309253,-0.1383553
0.3286023,-0.15904444,-0.17894737
0.54956624,-0.14812881,-0.18820212
0.51279892,-0.22374614,-0.13727042
0.63762471,-0.071560567,-0.33804829
0.36354567,-0.1244879,-0.056824359
0.24653614,-0.2084021,-0.1636576
0.46347259,-0.10281127,-0.23734644
0.6215449,-0.11004172,-0.21943902
0.66185844,-0.14759511,-0.092613078
0.82411571,-0.051703254,-0.19843586
0.74902024,0.022320371,-0.22292657
0.74896984,-0.1850475,-0.032870289
0.21979762,-0.072122863,0.042848763
0.21622223,-0.11860556,-0.12303724
0.094325295,-0.078849413,-0.10806698
0.060135223,-0.24631919,-0.10073428
0.06420816,-0.32633353,-0.066715281
0.49885735,-0.15146192,-0.19205284
0.49788002,-0.30445513,-0.12116982
0.53997137,-0.13196109,-0.08423553
0.26744919,-0.18781991,-0.0013355277
0.2079447,-0.090225089,-0.036260223
0.30435929,-0.19157967,-0.23179249
0.31310597,-0.09447564,-0.2355307
0.33557897,-0.11771641,-0.25582511
0.49442993,-0.22290046,-0.020898698
0.67408939,-0.0040204919,-0.28649383
0.50075417,-0.22612137,-0.19567492
0.50134848,-0.16516957,-0.063377467
0.20894579,-0.15562046,0.045189989
0.23886987,-0.21454481,-0.041092083
0.12094607,-0.2120152,-0.082963009
0.18521325,-0.17950074,-0.14909864
0.3376136,-0.13621091,0.15524673
0.64916046,-0.097342962,-0.43269036
0.74993867,-0.049697442,-0.34869283
0.54036929,-0.13660469,-0.33268934
0.38149622,-0.19454944,-0.099179831
0.45498972,-0.13276004,-0.16409796
0.40014318,-0.19241661,-0.0748657
0.36626605,-0.11804205,-0.057784342
0.25405573,-0.18319384,-0.2372454
0.23580516,-0.11872626,-0.1927655
0.53931164,-0.1593274,-0.11019134
0.24026853,-0.27774609,-0.046138295
0.33352529,-0.1187649,-0.075163278
0.38384738,-0.18033547,0.033509416
0.257018,-0.22491668,-0.15981027
0.287019,-0.20933337,0.05391256
0.20072492,-0.1291241,-0.15026534
0.17225153,-0.25336527,0.056702171
0.66217108,-0.045497488,-0.27166236
0.46310145,-0.1914978,-0.016260899
0.5230502,-0.12797931,-0.12249543
0.34255924,-0.19730429,-0.086708719
0.343267,-0.16361781,0.0082772923
0.6504463,-0.029834007,-0.057324943
0.3528334,-0.16372446,-0.23169647
0.57165087,-0.16519939,-0.19155897
0.43820685,-0.07804084,-0.24555684
0.51546346,-0.080010912,-0.067595634
0.49810481,-0.10273039,-0.04787292
0.4935549,-0.06806763,-0.068510609
0.52742299,-0.14448829,-0.22425719
0.50803404,-0.10356057,-0.33731505
0.56524929,-0.083221012,-0.035933438
0.52470636,-0.11126248,-0.12483517
0.37620906,-0.19753814,-0.055909559
0.45720993,-0.15498703,-0.044297245
0.57538123,0.0046710126,-0.24935319
0.39046962,-0.16419342,-0.083576838
0.58507138,-0.060413042,-0.077283039
0.53130224,-0.060940791,-0.10577781
0.40849105,-0.052559303,-0.062809142
0.72415556,-0.07690672,-0.012644665
0.79813259,-0.03889689,-0.19292705
0.16491153,-0.22827322,-0.018077696
0.2625373,-0.14834245,-0.10989421
0.47922035,-0.050463881,-0.12287017
0.49259285,-0.16374311,-0.19622968
0.31255544,-0.11687055,-0.095094565
0.32827628,-0.22839227,-0.043168894
0.52128904,-0.13718731,-0.14738516
0.24828514,-0.26431148,-0.024101527
0.25859979,-0.20632535,-0.088536356
0.37485037,-0.11018423,0.00037709234
0.6044994,-0.12946955,-0.30822464
0.48658253,-0.13864345,-0.30330873
0.54576388,-0.1393929,-0.26715748
0.42965249,-0.070498309,-0.34569445
0.29137292,-0.21006334,-0.038760234
0.10330034,-0.29071176,-0.082709825
0.37412733,-0.10380859,-0.036449741
0.4645008,-0.11162047,-0.088272388
0.095691183,-0.13048816,-0.050099866
0.43168055,-0.16564401,-0.13978634
0.53193109,-0.19799168,-0.17031258
0.42996764,-0.14262956,-0.10827546
0.61015925,-0.15842808,-0.13918356
0.29887066,-0.16833254,-0.09429671
0.3610489,-0.16963993,-0.31035024
0.13170848,-0.14029987,-0.069633265
0.23899694,-0.19863797,-0.12147713
0.40701531,-0.1502327,0.0076738407
0.44051257,-0.16140227,-0.11618763
0.48968698,-0.17359475,-0.24319748
0.43231601,-0.1583098,-0.29710497
0.37838008,-0.14300993,-0.044192389
0.7061315,-0.038788238,-0.2577661
0.44824517,-0.16995817,-0.092124952
0.5371017,-0.19613543,-0.13466992
0.32094141,-0.15503298,-0.17855086
0.56722134,-0.15063542,-0.10677262
0.58097696,-0.18468305,-0.11683928
0.48317824,-0.073359605,-0.0392138
0.46427983,-0.10554041,-0.13298183
0.56064223,-0.020642011,-0.15281571
0.57295354,-0.10046413,-0.12641793
0.39593148,-0.16530867,-0.11492204
0.43594825,-0.14881784,-0.19890149
0.29301221,-0.23617342,0.019120153
0.38304917,-0.11224395,-0.12669061
0.43455639,-0.064062107,-0.14970589
0.28335764,-0.13090543,0.063275737
0.21875011,-0.25869217,-0.035463638
0.2656176,-0.050567017,-0.067342312
0.46185639,-0.16082822,-0.21048556
0.46497802,-0.082582091,-0.19569077
0.43109371,-0.094223495,0.053307884
0.19528535,-0.17275056,-0.21533817
0.42293842,-0.098674724,-0.11036823
0.44475787,-0.083948903,-0.33937058
0.56368452,-0.162658,-0.17056726
0.59258725,-0.084587693,-0.26992863
0.62047563,-0.081643081,-0.28174768
0.57714196,-0.20497633,-0.06271311
0.42303187,-0.022062246,-0.14628986
0.43078741,-0.073966688,-0.054971187
0.65882137,-0.039657598,-0.077454051
0.41347135,-0.20707264,-0.15058666
0.62409931,-0.12526736,-0.027095457
0.52551788,-0.17167932,-0.001272101
0.47611268,-0.20880009,0.074773795
0.60916162,-0.054263178,-0.19927809
0.55607908,-0.039163062,-0.21901826
0.62569602,-0.21993239,0.013628138
0.38818005,-0.15393249,-0.13611439
0.58112741,-0.16279708,-0.1176195
0.50294634,-0.12745459,-0.12629262
0.35649743,-0.17749364,-0.20504688
0.54076347,-0.066151865,-0.27687316
0.41705919,-0.089497565,-0.26128089
0.39978372,-0.10229207,-0.2657918
0.38045351,0.0040222865,-0.24270101
0.4001488,0.019229366,-0.056409378
0.49069831,-0.1445916,-0.30514236
0.44006841,0.01352461,-0.27263776
0.19464744,-0.23995779,-0.033231407
0.83183823,-0.043248307,-0.16750384
0.66201082,-0.02533729,-0.055750176
0.55927275,-0.17961897,-0.082883501
0.2862109,-0.072873592,-0.099867192
0.46212791,-0.14995603,0.051484707
0.22393314,-0.11694445,-0.26180838
0.23446692,-0.10386967,-0.28901252
0.26972742,-0.19488694,-0.072894433
0.27784227,-0.21722957,-0.040754106
0.56402071,-0.077362437,-0.23875992
0.72946498,-0.073151449,0.054222151
0.65207835,-0.10654963,0.0012632647
0.6586394,-0.068999084,-0.028899514
0.2597511,-0.18368391,-0.2304869
0.08552735,-0.19143581,-0.19778044
0.30336997,-0.1718749,-0.15976427
0.21959632,-0.17795671,-0.072263335
0.39116991,-0.14585265,0.058167988
0.44369547,-0.11388188,-0.14155699
0.45360023,-0.17347444,-0.040788756
0.41719431,-0.17703128,-0.0016862988
0.37303374,-0.092133367,-0.12710663
0.43216025,-0.074426116,-0.11403014
0.042958598,-0.22907,-0.049445138
0.062310025,-0.26940882,0.070627379
0.64674078,-0.11961694,-0.20396237
0.63895705,-0.10041676,-0.11477791
0.13012421,-0.26132978,-0.13092977
0.2089133,-0.26511478,-0.071734446
0.47016517,-0.22460573,-0.068552183
0.43204324,-0.14716056,0.062067803
0.57178859,-0.11750751,-0.20282989
0.40819517,-0.19916145,-0.027237826
0.57704646,-0.057021784,-0.29098192
0.60669234,-0.15552194,-0.27978453
0.3483266,-0.13879997,0.08964788
0.52432815,-0.064294272,-0.2136535
0.091112719,-0.27601488,-0.11654128
0.44497447,-0.12355649,-0.27192232
0.83134333,-0.074703082,-0.15543032
0.28127399,-0.22594774,-0.11040689
0.29326044,-0.14246508,-0.15277947
0.34411408,-0.10229378,-0.036473517
0.47276267,-0.10907746,-0.089184027
0.49392411,-0.19139464,-0.020103017
0.2790007,-0.19255149,0.12863352
0.30411351,-0.17775614,0.11497004
0.44142997,-0.10393116,-0.30622544
0.3087471,-0.15631567,-0.068340406
0.53560712,-0.078565439,-0.36775208
